                  :-) GROMACS - gmx mdrun, 2026.3-Homebrew (-:

Copyright 1991-2026 The GROMACS Authors.
GROMACS is free software; you can redistribute it and/or modify it
under the terms of the GNU Lesser General Public License
as published by the Free Software Foundation; either version 2.1
of the License, or (at your option) any later version.

                         Current GROMACS contributors:
       Mark Abraham           Andrey Alekseenko           Brian Andrews       
        Paul Bauer              Cathrine Bergh              Hugh Bird         
      Eliane Briand               Ania Brown                Yiqi Chen         
      Mahesh Doijade            Giacomo Fiorin          Stefan Fleischmann    
      Sergey Gorelov         Gilles Gouaillardet            Alan Gray         
   Farzaneh Jalalypour         Petter Johansson          Carsten Kutzner      
    Grzegorz Łazarski         Justin A. Lemkul          Magnus Lundborg      
        Julio Maia               Pascal Merz             Vedran Miletić      
      Dmitry Morozov           Lukas Müllender           Szilárd Páll      
 Andrea Pasquadibisceglie     Michele Pellegrino         Nicola Piasentin     
     Daniele Rapetti         Muhammad Umair Sadiq         Hubert Santuz       
      Michael Shirts           Tatiana Shugaeva          Alexey Shvetsov      
     Bálint Soproni            Philip Turner            Alessandra Villa     
        Yang Zhang        

                         Previous GROMACS contributors:
        Emile Apol             Rossen Apostolov           James Barnett       
      Vladimir Basov        Herman J.C. Berendsen          Par Bjelkmar       
      Christian Blau          Viacheslav Bolnykh            Kevin Boyd        
    Aldert van Buuren          Carlo Camilloni           Rudi van Drunen      
      Anton Feenstra           Oliver Fleetwood            Vytas Gapsys       
       Gaurav Garg             Gerrit Groenhof            Bert de Groot       
      Anca Hamuraru           Vincent Hindriksen          Victor Holanda      
     M. Eric Irrgang           Aleksei Iupinov              Joe Jordan        
    Christoph Junghans        Prashanth Kanduri        Dimitrios Karkoulis    
       Peter Kasson             Sebastian Kehl           Sebastian Keller     
        Jiri Kraus               Per Larsson              Viveca Lindahl      
      Erik Marklund           Pieter Meulenhoff           Teemu Murtola       
       Julien Nabet              Sander Pronk             Roland Schulz       
      Alfons Sijbers         David van der Spoel          Peter Tieleman      
      Carsten Uphoff             Jon Vincent             Teemu Virolainen     
    Christian Wennberg     Sebastian Wingbermühle         Maarten Wolf       
      Artem Zhmurov       

                  Coordinated by the GROMACS project leaders:
                           Berk Hess and Erik Lindahl

GROMACS:      gmx mdrun, version 2026.3-Homebrew
Executable:   /opt/homebrew/bin/../Cellar/gromacs/2026.3/bin/gmx
Data prefix:  /opt/homebrew/bin/../Cellar/gromacs/2026.3
Working dir:  /Users/centurion616/Desktop/Silicon-Virovore
Process ID:   74821
Command line:
  gmx mdrun -v -deffnm nvt_new

GROMACS version:     2026.3-Homebrew
Precision:           mixed
Memory model:        64 bit
MPI library:         thread_mpi
MPI version:         built in
OpenMP support:      enabled (GMX_OPENMP_MAX_THREADS = 128)
GPU support:         disabled
SIMD instructions:   ARM_NEON_ASIMD
CPU FFT library:     fftw-3.3.11
GPU FFT library:     none
Multi-GPU FFT:       none
TNG support:         enabled
Hwloc support:       disabled
Tracing support:     disabled
Colvars support:     enabled (version 2025-10-13)
CP2K support:        disabled
Torch support:       disabled
Plumed support:      enabled
C compiler:          /usr/bin/clang
C compiler flags:    -Wno-missing-field-initializers -fno-stack-check -O3 -DNDEBUG
C++ compiler:        /usr/bin/clang++
C++ compiler flags:  -Wno-reserved-identifier -Wno-missing-field-initializers -fno-stack-check -Weverything -Wno-c++98-compat -Wno-c++98-compat-pedantic -Wno-return-std-move-in-c++11 -Wno-source-uses-openmp -Wno-c++17-extensions -Wno-documentation-unknown-command -Wno-covered-switch-default -Wno-switch-enum -Wno-switch-default -Wno-extra-semi-stmt -Wno-weak-vtables -Wno-shadow -Wno-padded -Wno-reserved-id-macro -Wno-double-promotion -Wno-exit-time-destructors -Wno-global-constructors -Wno-documentation -Wno-format-nonliteral -Wno-used-but-marked-unused -Wno-float-equal -Wno-conditional-uninitialized -Wno-conversion -Wno-disabled-macro-expansion -Wno-unused-macros -Wno-unsafe-buffer-usage -Wno-stringop-truncation -Wno-cast-function-type-strict SHELL:-Xclang -fopenmp -O3 -DNDEBUG
BLAS library:        External - detected on the system
LAPACK library:      External - detected on the system


Running on 1 node with total 0 processing units
Hardware detected on host Amoghs-MacBook-Air.local:
  CPU info:
    Vendor: ARM
    Brand:  Unknown CPU brand
    Family: 0   Model: 0   Stepping: 0
    Features: neon neon_asimd
  Hardware topology: Only logical processor count
    CPU limit set by OS: -1   Recommended max number of threads: 10


++++ PLEASE READ AND CITE THE FOLLOWING REFERENCE ++++
M. J. Abraham, T. Murtola, R. Schulz, S. Páll, J. C. Smith, B. Hess, E.
Lindahl
GROMACS: High performance molecular simulations through multi-level
parallelism from laptops to supercomputers
SoftwareX (2015)
https://doi.org/10.1016/j.softx.2015.06.001
-------- -------- --- Thank You --- -------- --------


++++ PLEASE READ AND CITE THE FOLLOWING REFERENCE ++++
S. Páll, M. J. Abraham, C. Kutzner, B. Hess, E. Lindahl
Tackling Exascale Software Challenges in Molecular Dynamics Simulations with
GROMACS
In S. Markidis & E. Laure (Eds.), Solving Software Challenges for Exascale (2015)
https://doi.org/10.1007/978-3-319-15976-8_1
-------- -------- --- Thank You --- -------- --------


++++ PLEASE READ AND CITE THE FOLLOWING REFERENCE ++++
S. Pronk, S. Páll, R. Schulz, P. Larsson, P. Bjelkmar, R. Apostolov, M. R.
Shirts, J. C. Smith, P. M. Kasson, D. van der Spoel, B. Hess, E. Lindahl
GROMACS 4.5: a high-throughput and highly parallel open source molecular
simulation toolkit
Bioinformatics (2013)
https://doi.org/10.1093/bioinformatics/btt055
-------- -------- --- Thank You --- -------- --------


++++ PLEASE READ AND CITE THE FOLLOWING REFERENCE ++++
B. Hess, C. Kutzner, D. van der Spoel, E. Lindahl
GROMACS 4: Algorithms for highly efficient, load-balanced, and scalable
molecular simulation
J. Chem. Theory Comput. (2008)
https://doi.org/10.1021/ct700301q
-------- -------- --- Thank You --- -------- --------


++++ PLEASE READ AND CITE THE FOLLOWING REFERENCE ++++
D. van der Spoel, E. Lindahl, B. Hess, G. Groenhof, A. E. Mark, H. J. C.
Berendsen
GROMACS: Fast, Flexible and Free
J. Comp. Chem. (2005)
https://doi.org/10.1002/jcc.20291
-------- -------- --- Thank You --- -------- --------


++++ PLEASE READ AND CITE THE FOLLOWING REFERENCE ++++
E. Lindahl, B. Hess, D. van der Spoel
GROMACS 3.0: A package for molecular simulation and trajectory analysis
J. Mol. Mod. (2001)
https://doi.org/10.1007/s008940100045
-------- -------- --- Thank You --- -------- --------


++++ PLEASE READ AND CITE THE FOLLOWING REFERENCE ++++
H. J. C. Berendsen, D. van der Spoel and R. van Drunen
GROMACS: A message-passing parallel molecular dynamics implementation
Comp. Phys. Comm. (1995)
https://doi.org/10.1016/0010-4655(95)00042-E
-------- -------- --- Thank You --- -------- --------

Input Parameters:
   integrator                     = md
   tinit                          = 0
   dt                             = 0.002
   nsteps                         = 50000
   init-step                      = 0
   simulation-part                = 1
   mts                            = false
   mass-repartition-factor        = 1
   comm-mode                      = Linear
   nstcomm                        = 100
   bd-fric                        = 0
   ld-seed                        = -5767316
   emtol                          = 10
   emstep                         = 0.01
   niter                          = 20
   fcstep                         = 0
   nstcgsteep                     = 1000
   nbfgscorr                      = 10
   rtpi                           = 0.05
   nstxout                        = 500
   nstvout                        = 500
   nstfout                        = 0
   nstlog                         = 500
   nstcalcenergy                  = 100
   nstenergy                      = 500
   nstxout-compressed             = 0
   compressed-x-precision         = 1000
   cutoff-scheme                  = Verlet
   nstlist                        = 10
   pbc                            = xyz
   periodic-molecules             = false
   verlet-buffer-tolerance        = 0.005
   verlet-buffer-pressure-tolerance = 0.5
   rlist                          = 1
   coulombtype                    = PME
   coulomb-modifier               = Potential-shift
   rcoulomb-switch                = 0
   rcoulomb                       = 1
   epsilon-r                      = 1
   epsilon-rf                     = inf
   vdw-type                       = Cut-off
   vdw-modifier                   = Potential-shift
   rvdw-switch                    = 0
   rvdw                           = 1
   DispCorr                       = EnerPres
   table-extension                = 1
   fourierspacing                 = 0.16
   fourier-nx                     = 40
   fourier-ny                     = 40
   fourier-nz                     = 40
   pme-order                      = 4
   ewald-rtol                     = 1e-05
   ewald-rtol-lj                  = 0.001
   lj-pme-comb-rule               = Geometric
   ewald-geometry                 = 3d
   epsilon-surface                = 0
   ensemble-temperature-setting   = constant
   ensemble-temperature           = 300
   tcoupl                         = V-rescale
   nsttcouple                     = 10
   nh-chain-length                = 0
   print-nose-hoover-chain-variables = false
   pcoupl                         = No
   refcoord-scaling               = No
   posres-com: not available
   posres-comB: not available
   QMMM                           = false
qm-opts:
   ngQM                           = 0
   constraint-algorithm           = Lincs
   continuation                   = false
   Shake-SOR                      = false
   shake-tol                      = 0.0001
   lincs-order                    = 4
   lincs-iter                     = 1
   lincs-warnangle                = 30
   nwall                          = 0
   wall-type                      = 9-3
   wall-r-linpot                  = -1
   wall-atomtype[0]               = -1
   wall-atomtype[1]               = -1
   wall-density[0]                = 0
   wall-density[1]                = 0
   wall-ewald-zfac                = 3
   pull                           = false
   awh                            = false
   rotation                       = false
   interactiveMD                  = false
   disre                          = No
   disre-weighting                = Conservative
   disre-mixed                    = false
   dr-fc                          = 1000
   dr-tau                         = 0
   nstdisreout                    = 100
   orire-fc                       = 0
   orire-tau                      = 0
   nstorireout                    = 100
   free-energy                    = no
   cos-acceleration               = 0
   deform (3x3):
      deform[    0]={ 0.00000e+00,  0.00000e+00,  0.00000e+00}
      deform[    1]={ 0.00000e+00,  0.00000e+00,  0.00000e+00}
      deform[    2]={ 0.00000e+00,  0.00000e+00,  0.00000e+00}
   simulated-tempering            = false
   swapcoords                     = no
   userint1                       = 0
   userint2                       = 0
   userint3                       = 0
   userint4                       = 0
   userreal1                      = 0
   userreal2                      = 0
   userreal3                      = 0
   userreal4                      = 0
   applied-forces:
     electric-field:
       x:
         E0                       = 0
         omega                    = 0
         t0                       = 0
         sigma                    = 0
       y:
         E0                       = 0
         omega                    = 0
         t0                       = 0
         sigma                    = 0
       z:
         E0                       = 0
         omega                    = 0
         t0                       = 0
         sigma                    = 0
     density-guided-simulation:
       active                     = false
       group                      = protein
       similarity-measure         = inner-product
       atom-spreading-weight      = unity
       force-constant             = 1e+09
       gaussian-transform-spreading-width = 0.2
       gaussian-transform-spreading-range-in-multiples-of-width = 4
       reference-density-filename = reference.mrc
       nst                        = 1
       normalize-densities        = true
       adaptive-force-scaling     = false
       adaptive-force-scaling-time-constant = 4
       shift-vector               = 
       transformation-matrix      = 
     qmmm-cp2k:
       active                     = false
       qmgroup                    = System
       qmmethod                   = PBE
       qmfilenames                = 
       qmcharge                   = 0
       qmmultiplicity             = 1
     colvars:
       active                     = false
       configfile                 = 
       seed                       = -1
     nnpot:
       active                     = false
       modelfile                  = model.pt
       input-group                = System
       link-type                  = H
       link-distance              = 0.1
       pair-cutoff                = 0
       embedding                  = mechanical
       nnp-charge                 = 0
       model-input1               = 
       model-input2               = 
       model-input3               = 
       model-input4               = 
       model-input5               = 
       model-input6               = 
       model-input7               = 
       model-input8               = 
       model-input9               = 
   fast-multipole-method:
     fmm:
       backend                    = inactive
       exafmm-order               = 6
       exafmm-direct-range        = 2
       exafmm-direct-provider     = GROMACS
       exafmm-tree-type           = uniform
       exafmm-tree-depth          = 0
       exafmm-max-particles-per-cell = 0
       fmsolvr-order              = 8
       fmsolvr-direct-range       = 1
       fmsolvr-direct-provider    = FMM
       fmsolvr-dipole-compensation = true
       fmsolvr-tree-depth         = 3
       fmsolvr-sparse             = false
grpopts:
   nrdf:     874.938     41475.1
   ref-t:         300         300
   tau-t:         0.1         0.1
annealing:          No          No
annealing-npoints:           0           0
   acc:	           0           0           0
   nfreeze:           N           N           N
   energygrp-flags[  0]: 0

Changing nstlist from 10 to 50, rlist from 1 to 1.119


Initializing Domain Decomposition on 10 ranks
Dynamic load balancing: auto
Using update groups, nr 7083, average size 3.0 atoms, max. radius 0.104 nm
Minimum cell size due to atom displacement: 0.388 nm
Initial maximum distances in bonded interactions:
    two-body bonded interactions: 0.415 nm, LJ-14, atoms 5 13
  multi-body bonded interactions: 0.415 nm, Proper Dih., atoms 5 13
Minimum cell size due to bonded interactions: 0.457 nm
Scaling the initial minimum size with 1/0.8 (option -dds) = 1.25
Using 0 separate PME ranks because: there are too few total ranks for efficient splitting
Optimizing the DD grid for 10 cells with a minimum initial size of 0.571 nm
The maximum allowed number of cells is: X 10 Y 10 Z 10
Domain decomposition grid 5 x 2 x 1, separate PME ranks 0
PME domain decomposition: 5 x 2 x 1
Domain decomposition rank 0, coordinates 0 0 0

The initial number of communication pulses is: X 2 Y 1
The initial domain decomposition cell size is: X 1.20 nm Y 3.00 nm

The maximum allowed distance for atom groups involved in interactions is:
                 non-bonded interactions           1.327 nm
            two-body bonded interactions  (-rdd)   1.327 nm
          multi-body bonded interactions  (-rdd)   1.198 nm

When dynamic load balancing gets turned on, these settings will change to:
The maximum number of communication pulses is: X 2 Y 1
The minimum size for domain decomposition cells is 0.828 nm
The requested allowed shrink of DD cells (option -dds) is: 0.80
The allowed shrink of domain decomposition cells is: X 0.69 Y 0.44
The maximum allowed distance for atom groups involved in interactions is:
                 non-bonded interactions           1.327 nm
            two-body bonded interactions  (-rdd)   1.327 nm
          multi-body bonded interactions  (-rdd)   0.828 nm

Local state does not use filler particles

Using 10 MPI threads
Using 1 OpenMP thread per tMPI thread

System total charge: -0.000
Will do PME sum in reciprocal space for electrostatic interactions.

++++ PLEASE READ AND CITE THE FOLLOWING REFERENCE ++++
U. Essmann, L. Perera, M. L. Berkowitz, T. Darden, H. Lee, L. G. Pedersen 
A smooth particle mesh Ewald method
J. Chem. Phys. (1995)
https://doi.org/10.1063/1.470117
-------- -------- --- Thank You --- -------- --------

Using a Gaussian width (1/beta) of 0.320163 nm for Ewald
Potential shift: LJ r^-12: -1.000e+00 r^-6: -1.000e+00, Ewald -1.000e-05
Initialized non-bonded Coulomb Ewald tables, spacing: 9.33e-04 size: 1073

Generated table with 1059 data points for 1-4 COUL.
Tabscale = 500 points/nm
Generated table with 1059 data points for 1-4 LJ6.
Tabscale = 500 points/nm
Generated table with 1059 data points for 1-4 LJ12.
Tabscale = 500 points/nm
Long Range LJ corr.: <C6> 2.9809e-04


Using SIMD4xM 4x4 nonbonded short-range kernels

Using a dual 4x4 pair-list setup updated with dynamic pruning:
  outer list: updated every 50 steps, buffer 0.119 nm, rlist 1.119 nm
  inner list: updated every 10 steps, buffer 0.000 nm, rlist 1.000 nm
At tolerance 0.005 kJ/mol/ps per atom, equivalent classical 1x1 list would be:
  outer list: updated every 50 steps, buffer 0.247 nm, rlist 1.247 nm
  inner list: updated every 10 steps, buffer 0.036 nm, rlist 1.036 nm

The average pressure is off by at most 0.37 bar due to missing LJ interactions

Using Lorentz-Berthelot Lennard-Jones combination rule
Removing pbc first time

Linking all bonded interactions to atoms


Initializing LINear Constraint Solver

++++ PLEASE READ AND CITE THE FOLLOWING REFERENCE ++++
B. Hess, H. Bekker, H. J. C. Berendsen, J. G. E. M. Fraaije
LINCS: A Linear Constraint Solver for molecular simulations
J. Comp. Chem. (1997)
https://doi.org/10.1002/(sici)1096-987x(199709)18:12<1463::aid-jcc4>3.0.co;2-h
-------- -------- --- Thank You --- -------- --------

The number of constraints is 184

++++ PLEASE READ AND CITE THE FOLLOWING REFERENCE ++++
S. Miyamoto, P. A. Kollman
SETTLE: An Analytical Version of the SHAKE and RATTLE Algorithms for Rigid
Water Models
J. Comp. Chem. (1992)
https://doi.org/10.1002/jcc.540130805
-------- -------- --- Thank You --- -------- --------


Intra-simulation communication will occur every 10 steps.

++++ PLEASE READ AND CITE THE FOLLOWING REFERENCE ++++
G. Bussi, D. Donadio, M. Parrinello
Canonical sampling through velocity rescaling
J. Chem. Phys. (2007)
https://doi.org/10.1063/1.2408420
-------- -------- --- Thank You --- -------- --------

There are: 21091 Atoms
Atom distribution over 10 domains: av 2109 stddev 91 min 1944 max 2211

Constraining the starting coordinates (step 0)

Constraining the coordinates at t0-dt (step 0)
Center of mass motion removal mode is Linear
We have the following groups for center of mass motion removal:
  0:  rest
RMS relative constraint deviation after constraining: 3.34e-06
Initial temperature: 299.029 K

Started mdrun on rank 0 Thu Jul 16 14:55:08 2026

           Step           Time
              0        0.00000

   Energies (kJ/mol)
           Bond          Angle    Proper Dih. Per. Imp. Dih.          LJ-14
    5.78611e+01    1.52486e+02    7.45258e+02    1.77887e+01    2.89196e+02
     Coulomb-14        LJ (SR)  Disper. corr.   Coulomb (SR)   Coul. recip.
    1.73818e+03    5.65525e+04   -2.57871e+03   -4.22180e+05    1.71683e+03
 Position Rest.      Potential    Kinetic En.   Total Energy  Conserved En.
    1.65600e-04   -3.63489e+05    5.26573e+04   -3.10831e+05   -3.10831e+05
    Temperature Pres. DC (bar) Pressure (bar)   Constr. rmsd
    2.99090e+02   -1.99285e+02   -5.78148e+03    3.30820e-06


DD  step 49 load imb.: force 20.1%

step 100 Turning on dynamic load balancing, because the performance loss due to load imbalance is 4.4 %.

DD  step 499  vol min/aver 0.881  load imb.: force 10.4%
           Step           Time
            500        1.00000

   Energies (kJ/mol)
           Bond          Angle    Proper Dih. Per. Imp. Dih.          LJ-14
    2.84960e+02    6.40913e+02    8.05718e+02    3.74096e+01    3.16287e+02
     Coulomb-14        LJ (SR)  Disper. corr.   Coulomb (SR)   Coul. recip.
    1.75237e+03    6.13178e+04   -2.57871e+03   -3.88157e+05    1.80223e+03
 Position Rest.      Potential    Kinetic En.   Total Energy  Conserved En.
    1.05583e+02   -3.23672e+05    5.25194e+04   -2.71153e+05   -3.10356e+05
    Temperature Pres. DC (bar) Pressure (bar)   Constr. rmsd
    2.98306e+02   -1.99285e+02   -1.91334e+02    2.72079e-06


DD  step 999  vol min/aver 0.882  load imb.: force 12.7%
           Step           Time
           1000        2.00000

   Energies (kJ/mol)
           Bond          Angle    Proper Dih. Per. Imp. Dih.          LJ-14
    2.70408e+02    6.62124e+02    8.04633e+02    5.94173e+01    3.07459e+02
     Coulomb-14        LJ (SR)  Disper. corr.   Coulomb (SR)   Coul. recip.
    1.66301e+03    6.01639e+04   -2.57871e+03   -3.88048e+05    1.87508e+03
 Position Rest.      Potential    Kinetic En.   Total Energy  Conserved En.
    1.05123e+02   -3.24715e+05    5.25711e+04   -2.72144e+05   -3.10337e+05
    Temperature Pres. DC (bar) Pressure (bar)   Constr. rmsd
    2.98600e+02   -1.99285e+02   -5.03032e+02    2.91790e-06


DD  step 1499  vol min/aver 0.782  load imb.: force 11.2%
           Step           Time
           1500        3.00000

   Energies (kJ/mol)
           Bond          Angle    Proper Dih. Per. Imp. Dih.          LJ-14
    2.69174e+02    6.90198e+02    8.14680e+02    3.22529e+01    3.15873e+02
     Coulomb-14        LJ (SR)  Disper. corr.   Coulomb (SR)   Coul. recip.
    1.74288e+03    6.02925e+04   -2.57871e+03   -3.88898e+05    1.80497e+03
 Position Rest.      Potential    Kinetic En.   Total Energy  Conserved En.
    9.74872e+01   -3.25416e+05    5.23067e+04   -2.73110e+05   -3.10342e+05
    Temperature Pres. DC (bar) Pressure (bar)   Constr. rmsd
    2.97098e+02   -1.99285e+02   -8.07249e+02    2.18800e-06


DD  step 1999  vol min/aver 0.878  load imb.: force 14.5%

step 2000 Turning off dynamic load balancing, because it is degrading performance.
Atom distribution over 10 domains: av 2109 stddev 42 min 2058 max 2193
           Step           Time
           2000        4.00000

   Energies (kJ/mol)
           Bond          Angle    Proper Dih. Per. Imp. Dih.          LJ-14
    3.03603e+02    7.02323e+02    8.58307e+02    4.04785e+01    3.31719e+02
     Coulomb-14        LJ (SR)  Disper. corr.   Coulomb (SR)   Coul. recip.
    1.73912e+03    6.12964e+04   -2.57871e+03   -3.90324e+05    1.78164e+03
 Position Rest.      Potential    Kinetic En.   Total Energy  Conserved En.
    9.61399e+01   -3.25753e+05    5.31986e+04   -2.72555e+05   -3.10331e+05
    Temperature Pres. DC (bar) Pressure (bar)   Constr. rmsd
    3.02164e+02   -1.99285e+02   -5.31546e+02    2.80967e-06


DD  step 2499 load imb.: force 24.4%
           Step           Time
           2500        5.00000

   Energies (kJ/mol)
           Bond          Angle    Proper Dih. Per. Imp. Dih.          LJ-14
    3.14111e+02    6.46909e+02    8.03862e+02    4.35507e+01    3.24265e+02
     Coulomb-14        LJ (SR)  Disper. corr.   Coulomb (SR)   Coul. recip.
    1.71384e+03    6.18245e+04   -2.57871e+03   -3.92459e+05    1.77086e+03
 Position Rest.      Potential    Kinetic En.   Total Energy  Conserved En.
    7.77025e+01   -3.27518e+05    5.26417e+04   -2.74877e+05   -3.10321e+05
    Temperature Pres. DC (bar) Pressure (bar)   Constr. rmsd
    2.99000e+02   -1.99285e+02   -5.31313e+02    2.73369e-06


DD  step 2999 load imb.: force 15.9%
           Step           Time
           3000        6.00000

   Energies (kJ/mol)
           Bond          Angle    Proper Dih. Per. Imp. Dih.          LJ-14
    2.42186e+02    7.07166e+02    8.20903e+02    4.73167e+01    3.24031e+02
     Coulomb-14        LJ (SR)  Disper. corr.   Coulomb (SR)   Coul. recip.
    1.70009e+03    6.21820e+04   -2.57871e+03   -3.91861e+05    1.83952e+03
 Position Rest.      Potential    Kinetic En.   Total Energy  Conserved En.
    9.92085e+01   -3.26477e+05    5.30035e+04   -2.73473e+05   -3.10317e+05
    Temperature Pres. DC (bar) Pressure (bar)   Constr. rmsd
    3.01056e+02   -1.99285e+02   -3.84747e+02    2.96134e-06


DD  step 3499 load imb.: force  5.7%
           Step           Time
           3500        7.00000

   Energies (kJ/mol)
           Bond          Angle    Proper Dih. Per. Imp. Dih.          LJ-14
    3.18807e+02    7.27465e+02    8.13609e+02    4.49412e+01    3.21458e+02
     Coulomb-14        LJ (SR)  Disper. corr.   Coulomb (SR)   Coul. recip.
    1.70600e+03    6.16309e+04   -2.57871e+03   -3.91113e+05    1.79194e+03
 Position Rest.      Potential    Kinetic En.   Total Energy  Conserved En.
    9.03436e+01   -3.26247e+05    5.36827e+04   -2.72564e+05   -3.10329e+05
    Temperature Pres. DC (bar) Pressure (bar)   Constr. rmsd
    3.04914e+02   -1.99285e+02   -6.58971e+02    3.42527e-06


DD  step 3999 load imb.: force  8.6%
           Step           Time
           4000        8.00000

   Energies (kJ/mol)
           Bond          Angle    Proper Dih. Per. Imp. Dih.          LJ-14
    2.61293e+02    6.34856e+02    8.16984e+02    4.19276e+01    3.29673e+02
     Coulomb-14        LJ (SR)  Disper. corr.   Coulomb (SR)   Coul. recip.
    1.72817e+03    6.21736e+04   -2.57871e+03   -3.92112e+05    1.82330e+03
 Position Rest.      Potential    Kinetic En.   Total Energy  Conserved En.
    9.88630e+01   -3.26782e+05    5.26947e+04   -2.74087e+05   -3.10313e+05
    Temperature Pres. DC (bar) Pressure (bar)   Constr. rmsd
    2.99302e+02   -1.99285e+02   -3.65174e+02    2.78898e-06


DD  step 4499 load imb.: force 11.2%
           Step           Time
           4500        9.00000

   Energies (kJ/mol)
           Bond          Angle    Proper Dih. Per. Imp. Dih.          LJ-14
    2.71772e+02    6.63409e+02    8.23748e+02    4.98154e+01    3.13224e+02
     Coulomb-14        LJ (SR)  Disper. corr.   Coulomb (SR)   Coul. recip.
    1.64989e+03    6.15702e+04   -2.57871e+03   -3.91850e+05    1.81321e+03
 Position Rest.      Potential    Kinetic En.   Total Energy  Conserved En.
    8.13717e+01   -3.27192e+05    5.30890e+04   -2.74103e+05   -3.10324e+05
    Temperature Pres. DC (bar) Pressure (bar)   Constr. rmsd
    3.01542e+02   -1.99285e+02   -5.46088e+02    2.94895e-06


DD  step 4999 load imb.: force  6.6%
           Step           Time
           5000       10.00000

   Energies (kJ/mol)
           Bond          Angle    Proper Dih. Per. Imp. Dih.          LJ-14
    2.72584e+02    6.00970e+02    8.02780e+02    4.37676e+01    3.35881e+02
     Coulomb-14        LJ (SR)  Disper. corr.   Coulomb (SR)   Coul. recip.
    1.75151e+03    6.20787e+04   -2.57871e+03   -3.92514e+05    1.75561e+03
 Position Rest.      Potential    Kinetic En.   Total Energy  Conserved En.
    1.00694e+02   -3.27350e+05    5.32679e+04   -2.74082e+05   -3.10316e+05
    Temperature Pres. DC (bar) Pressure (bar)   Constr. rmsd
    3.02558e+02   -1.99285e+02   -4.70297e+02    2.33748e-06


DD  step 5499 load imb.: force 14.2%
           Step           Time
           5500       11.00000

   Energies (kJ/mol)
           Bond          Angle    Proper Dih. Per. Imp. Dih.          LJ-14
    2.62100e+02    6.46008e+02    8.04733e+02    4.22838e+01    3.21154e+02
     Coulomb-14        LJ (SR)  Disper. corr.   Coulomb (SR)   Coul. recip.
    1.74862e+03    6.21688e+04   -2.57871e+03   -3.91419e+05    1.75262e+03
 Position Rest.      Potential    Kinetic En.   Total Energy  Conserved En.
    9.46833e+01   -3.26157e+05    5.22838e+04   -2.73873e+05   -3.10310e+05
    Temperature Pres. DC (bar) Pressure (bar)   Constr. rmsd
    2.96968e+02   -1.99285e+02   -3.44736e+02    2.61820e-06


DD  step 5999 load imb.: force  8.6%
           Step           Time
           6000       12.00000

   Energies (kJ/mol)
           Bond          Angle    Proper Dih. Per. Imp. Dih.          LJ-14
    2.53932e+02    6.23825e+02    7.81713e+02    5.11570e+01    3.45533e+02
     Coulomb-14        LJ (SR)  Disper. corr.   Coulomb (SR)   Coul. recip.
    1.81775e+03    6.21267e+04   -2.57871e+03   -3.91543e+05    1.79710e+03
 Position Rest.      Potential    Kinetic En.   Total Energy  Conserved En.
    9.02575e+01   -3.26233e+05    5.27985e+04   -2.73435e+05   -3.10297e+05
    Temperature Pres. DC (bar) Pressure (bar)   Constr. rmsd
    2.99891e+02   -1.99285e+02   -4.37696e+02    2.74684e-06


DD  step 6499 load imb.: force 15.9%
           Step           Time
           6500       13.00000

   Energies (kJ/mol)
           Bond          Angle    Proper Dih. Per. Imp. Dih.          LJ-14
    2.61245e+02    6.63783e+02    8.46101e+02    3.31793e+01    3.20560e+02
     Coulomb-14        LJ (SR)  Disper. corr.   Coulomb (SR)   Coul. recip.
    1.79486e+03    6.15915e+04   -2.57871e+03   -3.90374e+05    1.89388e+03
 Position Rest.      Potential    Kinetic En.   Total Energy  Conserved En.
    9.55854e+01   -3.25452e+05    5.26987e+04   -2.72754e+05   -3.10305e+05
    Temperature Pres. DC (bar) Pressure (bar)   Constr. rmsd
    2.99325e+02   -1.99285e+02   -4.64360e+02    3.74191e-06


DD  step 6999 load imb.: force 10.7%
           Step           Time
           7000       14.00000

   Energies (kJ/mol)
           Bond          Angle    Proper Dih. Per. Imp. Dih.          LJ-14
    2.71480e+02    6.57226e+02    8.10896e+02    3.62486e+01    3.51295e+02
     Coulomb-14        LJ (SR)  Disper. corr.   Coulomb (SR)   Coul. recip.
    1.76139e+03    6.10028e+04   -2.57871e+03   -3.91702e+05    1.84918e+03
 Position Rest.      Potential    Kinetic En.   Total Energy  Conserved En.
    7.73827e+01   -3.27463e+05    5.34313e+04   -2.74032e+05   -3.10295e+05
    Temperature Pres. DC (bar) Pressure (bar)   Constr. rmsd
    3.03486e+02   -1.99285e+02   -7.51825e+02    2.49154e-06


DD  step 7499 load imb.: force 10.8%
           Step           Time
           7500       15.00000

   Energies (kJ/mol)
           Bond          Angle    Proper Dih. Per. Imp. Dih.          LJ-14
    2.58637e+02    6.51714e+02    7.74944e+02    4.02940e+01    3.49816e+02
     Coulomb-14        LJ (SR)  Disper. corr.   Coulomb (SR)   Coul. recip.
    1.69579e+03    6.22197e+04   -2.57871e+03   -3.91929e+05    1.76116e+03
 Position Rest.      Potential    Kinetic En.   Total Energy  Conserved En.
    9.72936e+01   -3.26658e+05    5.32833e+04   -2.73375e+05   -3.10284e+05
    Temperature Pres. DC (bar) Pressure (bar)   Constr. rmsd
    3.02645e+02   -1.99285e+02   -2.91681e+02    4.02349e-06


DD  step 7999 load imb.: force  9.6%
           Step           Time
           8000       16.00000

   Energies (kJ/mol)
           Bond          Angle    Proper Dih. Per. Imp. Dih.          LJ-14
    2.03269e+02    5.96340e+02    7.84198e+02    3.47772e+01    3.69745e+02
     Coulomb-14        LJ (SR)  Disper. corr.   Coulomb (SR)   Coul. recip.
    1.80704e+03    6.17432e+04   -2.57871e+03   -3.91364e+05    1.79332e+03
 Position Rest.      Potential    Kinetic En.   Total Energy  Conserved En.
    1.03518e+02   -3.26507e+05    5.25565e+04   -2.73951e+05   -3.10292e+05
    Temperature Pres. DC (bar) Pressure (bar)   Constr. rmsd
    2.98517e+02   -1.99285e+02   -3.15927e+02    2.79012e-06


DD  step 8499 load imb.: force  8.3%
           Step           Time
           8500       17.00000

   Energies (kJ/mol)
           Bond          Angle    Proper Dih. Per. Imp. Dih.          LJ-14
    2.30868e+02    7.09051e+02    8.21110e+02    2.48433e+01    3.28814e+02
     Coulomb-14        LJ (SR)  Disper. corr.   Coulomb (SR)   Coul. recip.
    1.78534e+03    6.01091e+04   -2.57871e+03   -3.89670e+05    1.86336e+03
 Position Rest.      Potential    Kinetic En.   Total Energy  Conserved En.
    9.53033e+01   -3.26281e+05    5.27097e+04   -2.73572e+05   -3.10270e+05
    Temperature Pres. DC (bar) Pressure (bar)   Constr. rmsd
    2.99387e+02   -1.99285e+02   -8.80702e+02    3.15142e-06


DD  step 8999 load imb.: force 13.5%
           Step           Time
           9000       18.00000

   Energies (kJ/mol)
           Bond          Angle    Proper Dih. Per. Imp. Dih.          LJ-14
    2.78032e+02    6.40009e+02    8.30919e+02    4.22854e+01    3.55838e+02
     Coulomb-14        LJ (SR)  Disper. corr.   Coulomb (SR)   Coul. recip.
    1.69949e+03    6.22120e+04   -2.57871e+03   -3.91707e+05    1.79684e+03
 Position Rest.      Potential    Kinetic En.   Total Energy  Conserved En.
    1.06325e+02   -3.26324e+05    5.33216e+04   -2.73003e+05   -3.10277e+05
    Temperature Pres. DC (bar) Pressure (bar)   Constr. rmsd
    3.02862e+02   -1.99285e+02   -4.42017e+02    3.27382e-06


DD  step 9499 load imb.: force  9.9%
           Step           Time
           9500       19.00000

   Energies (kJ/mol)
           Bond          Angle    Proper Dih. Per. Imp. Dih.          LJ-14
    2.45129e+02    6.86891e+02    8.36405e+02    5.39580e+01    3.28941e+02
     Coulomb-14        LJ (SR)  Disper. corr.   Coulomb (SR)   Coul. recip.
    1.80035e+03    6.15472e+04   -2.57871e+03   -3.91772e+05    1.76607e+03
 Position Rest.      Potential    Kinetic En.   Total Energy  Conserved En.
    7.46800e+01   -3.27011e+05    5.25209e+04   -2.74490e+05   -3.10274e+05
    Temperature Pres. DC (bar) Pressure (bar)   Constr. rmsd
    2.98314e+02   -1.99285e+02   -6.07990e+02    2.39184e-06


DD  step 9999 load imb.: force  7.0%

step 10000 Turning on dynamic load balancing, because the performance loss due to load imbalance is 3.3 %.
           Step           Time
          10000       20.00000

   Energies (kJ/mol)
           Bond          Angle    Proper Dih. Per. Imp. Dih.          LJ-14
    2.06478e+02    7.00774e+02    8.27097e+02    5.98992e+01    3.12642e+02
     Coulomb-14        LJ (SR)  Disper. corr.   Coulomb (SR)   Coul. recip.
    1.74640e+03    6.31378e+04   -2.57871e+03   -3.93327e+05    1.76498e+03
 Position Rest.      Potential    Kinetic En.   Total Energy  Conserved En.
    9.64917e+01   -3.27053e+05    5.24510e+04   -2.74602e+05   -3.10263e+05
    Temperature Pres. DC (bar) Pressure (bar)   Constr. rmsd
    2.97918e+02   -1.99285e+02   -2.26085e+02    3.31314e-06


DD  step 10499  vol min/aver 0.924  load imb.: force 16.1%
           Step           Time
          10500       21.00000

   Energies (kJ/mol)
           Bond          Angle    Proper Dih. Per. Imp. Dih.          LJ-14
    2.56093e+02    7.25595e+02    8.63978e+02    3.93273e+01    3.08994e+02
     Coulomb-14        LJ (SR)  Disper. corr.   Coulomb (SR)   Coul. recip.
    1.74220e+03    6.29264e+04   -2.57871e+03   -3.92633e+05    1.86816e+03
 Position Rest.      Potential    Kinetic En.   Total Energy  Conserved En.
    8.82797e+01   -3.26393e+05    5.30610e+04   -2.73332e+05   -3.10264e+05
    Temperature Pres. DC (bar) Pressure (bar)   Constr. rmsd
    3.01382e+02   -1.99285e+02   -9.42774e+01    2.98936e-06


DD  step 10999  vol min/aver 0.897  load imb.: force  8.6%

step 11000 Turning off dynamic load balancing, because it is degrading performance.
Atom distribution over 10 domains: av 2109 stddev 37 min 2036 max 2155
           Step           Time
          11000       22.00000

   Energies (kJ/mol)
           Bond          Angle    Proper Dih. Per. Imp. Dih.          LJ-14
    2.60000e+02    5.86508e+02    8.37900e+02    5.51988e+01    3.29240e+02
     Coulomb-14        LJ (SR)  Disper. corr.   Coulomb (SR)   Coul. recip.
    1.68333e+03    6.12144e+04   -2.57871e+03   -3.91059e+05    1.79059e+03
 Position Rest.      Potential    Kinetic En.   Total Energy  Conserved En.
    1.06065e+02   -3.26774e+05    5.23433e+04   -2.74431e+05   -3.10266e+05
    Temperature Pres. DC (bar) Pressure (bar)   Constr. rmsd
    2.97306e+02   -1.99285e+02   -7.72104e+02    5.58877e-06


DD  step 11499 load imb.: force  9.9%
           Step           Time
          11500       23.00000

   Energies (kJ/mol)
           Bond          Angle    Proper Dih. Per. Imp. Dih.          LJ-14
    2.95625e+02    6.45672e+02    7.85851e+02    3.31854e+01    3.19619e+02
     Coulomb-14        LJ (SR)  Disper. corr.   Coulomb (SR)   Coul. recip.
    1.72786e+03    6.22506e+04   -2.57871e+03   -3.93186e+05    1.79991e+03
 Position Rest.      Potential    Kinetic En.   Total Energy  Conserved En.
    9.18521e+01   -3.27814e+05    5.28550e+04   -2.74959e+05   -3.10254e+05
    Temperature Pres. DC (bar) Pressure (bar)   Constr. rmsd
    3.00212e+02   -1.99285e+02   -4.13695e+02    2.62435e-06


DD  step 11999 load imb.: force 12.4%
           Step           Time
          12000       24.00000

   Energies (kJ/mol)
           Bond          Angle    Proper Dih. Per. Imp. Dih.          LJ-14
    2.51657e+02    6.17692e+02    7.84659e+02    4.50884e+01    3.22793e+02
     Coulomb-14        LJ (SR)  Disper. corr.   Coulomb (SR)   Coul. recip.
    1.74901e+03    6.17777e+04   -2.57871e+03   -3.93364e+05    1.79097e+03
 Position Rest.      Potential    Kinetic En.   Total Energy  Conserved En.
    8.08828e+01   -3.28522e+05    5.30633e+04   -2.75459e+05   -3.10265e+05
    Temperature Pres. DC (bar) Pressure (bar)   Constr. rmsd
    3.01395e+02   -1.99285e+02   -6.14746e+02    2.70871e-06


DD  step 12499 load imb.: force 26.2%
           Step           Time
          12500       25.00000

   Energies (kJ/mol)
           Bond          Angle    Proper Dih. Per. Imp. Dih.          LJ-14
    2.65750e+02    6.58318e+02    7.97917e+02    4.97034e+01    3.45686e+02
     Coulomb-14        LJ (SR)  Disper. corr.   Coulomb (SR)   Coul. recip.
    1.66365e+03    6.19431e+04   -2.57871e+03   -3.92354e+05    1.80099e+03
 Position Rest.      Potential    Kinetic En.   Total Energy  Conserved En.
    8.84051e+01   -3.27319e+05    5.28282e+04   -2.74491e+05   -3.10264e+05
    Temperature Pres. DC (bar) Pressure (bar)   Constr. rmsd
    3.00060e+02   -1.99285e+02   -5.05053e+02    2.36736e-06


DD  step 12999 load imb.: force  4.4%
           Step           Time
          13000       26.00000

   Energies (kJ/mol)
           Bond          Angle    Proper Dih. Per. Imp. Dih.          LJ-14
    2.44405e+02    6.95777e+02    8.35228e+02    4.65822e+01    3.17441e+02
     Coulomb-14        LJ (SR)  Disper. corr.   Coulomb (SR)   Coul. recip.
    1.73517e+03    6.21920e+04   -2.57871e+03   -3.92047e+05    1.74834e+03
 Position Rest.      Potential    Kinetic En.   Total Energy  Conserved En.
    9.98506e+01   -3.26711e+05    5.31855e+04   -2.73525e+05   -3.10245e+05
    Temperature Pres. DC (bar) Pressure (bar)   Constr. rmsd
    3.02090e+02   -1.99285e+02   -3.79247e+02    3.37040e-06


DD  step 13499 load imb.: force  6.4%
           Step           Time
          13500       27.00000

   Energies (kJ/mol)
           Bond          Angle    Proper Dih. Per. Imp. Dih.          LJ-14
    2.80181e+02    6.28158e+02    7.98670e+02    5.06982e+01    3.09639e+02
     Coulomb-14        LJ (SR)  Disper. corr.   Coulomb (SR)   Coul. recip.
    1.66344e+03    6.18574e+04   -2.57871e+03   -3.92536e+05    1.72072e+03
 Position Rest.      Potential    Kinetic En.   Total Energy  Conserved En.
    1.05354e+02   -3.27700e+05    5.27408e+04   -2.74959e+05   -3.10248e+05
    Temperature Pres. DC (bar) Pressure (bar)   Constr. rmsd
    2.99564e+02   -1.99285e+02   -7.95369e+02    2.45282e-06


DD  step 13999 load imb.: force  4.9%
           Step           Time
          14000       28.00000

   Energies (kJ/mol)
           Bond          Angle    Proper Dih. Per. Imp. Dih.          LJ-14
    3.54172e+02    6.37592e+02    8.31426e+02    4.39892e+01    3.06057e+02
     Coulomb-14        LJ (SR)  Disper. corr.   Coulomb (SR)   Coul. recip.
    1.66470e+03    6.08452e+04   -2.57871e+03   -3.90465e+05    1.79825e+03
 Position Rest.      Potential    Kinetic En.   Total Energy  Conserved En.
    9.41425e+01   -3.26468e+05    5.27659e+04   -2.73702e+05   -3.10244e+05
    Temperature Pres. DC (bar) Pressure (bar)   Constr. rmsd
    2.99706e+02   -1.99285e+02   -7.45059e+02    2.92808e-06


DD  step 14499 load imb.: force  7.7%
           Step           Time
          14500       29.00000

   Energies (kJ/mol)
           Bond          Angle    Proper Dih. Per. Imp. Dih.          LJ-14
    2.95417e+02    7.13603e+02    8.23471e+02    3.87065e+01    3.44252e+02
     Coulomb-14        LJ (SR)  Disper. corr.   Coulomb (SR)   Coul. recip.
    1.71648e+03    6.24017e+04   -2.57871e+03   -3.92534e+05    1.79807e+03
 Position Rest.      Potential    Kinetic En.   Total Energy  Conserved En.
    1.25062e+02   -3.26856e+05    5.37445e+04   -2.73111e+05   -3.10244e+05
    Temperature Pres. DC (bar) Pressure (bar)   Constr. rmsd
    3.05265e+02   -1.99285e+02   -5.19391e+02    3.49527e-06


DD  step 14999 load imb.: force 15.1%

step 15000 Turning on dynamic load balancing, because the performance loss due to load imbalance is 2.8 %.
           Step           Time
          15000       30.00000

   Energies (kJ/mol)
           Bond          Angle    Proper Dih. Per. Imp. Dih.          LJ-14
    2.48297e+02    6.60046e+02    8.20053e+02    3.65106e+01    3.13288e+02
     Coulomb-14        LJ (SR)  Disper. corr.   Coulomb (SR)   Coul. recip.
    1.68534e+03    6.14869e+04   -2.57871e+03   -3.90925e+05    1.80467e+03
 Position Rest.      Potential    Kinetic En.   Total Energy  Conserved En.
    1.05127e+02   -3.26343e+05    5.23796e+04   -2.73964e+05   -3.10235e+05
    Temperature Pres. DC (bar) Pressure (bar)   Constr. rmsd
    2.97512e+02   -1.99285e+02   -4.25439e+02    2.40469e-06


DD  step 15499  vol min/aver 0.908  load imb.: force  8.9%
           Step           Time
          15500       31.00000

   Energies (kJ/mol)
           Bond          Angle    Proper Dih. Per. Imp. Dih.          LJ-14
    2.25297e+02    6.12633e+02    8.18715e+02    6.49319e+01    3.41363e+02
     Coulomb-14        LJ (SR)  Disper. corr.   Coulomb (SR)   Coul. recip.
    1.79105e+03    6.30324e+04   -2.57871e+03   -3.92238e+05    1.78893e+03
 Position Rest.      Potential    Kinetic En.   Total Energy  Conserved En.
    9.69534e+01   -3.26045e+05    5.26884e+04   -2.73356e+05   -3.10233e+05
    Temperature Pres. DC (bar) Pressure (bar)   Constr. rmsd
    2.99266e+02   -1.99285e+02   -6.84145e+01    2.72383e-06


DD  step 15999  vol min/aver 0.948  load imb.: force 11.2%
           Step           Time
          16000       32.00000

   Energies (kJ/mol)
           Bond          Angle    Proper Dih. Per. Imp. Dih.          LJ-14
    2.62040e+02    5.97203e+02    8.07405e+02    4.71710e+01    3.04885e+02
     Coulomb-14        LJ (SR)  Disper. corr.   Coulomb (SR)   Coul. recip.
    1.73318e+03    6.25474e+04   -2.57871e+03   -3.93452e+05    1.85453e+03
 Position Rest.      Potential    Kinetic En.   Total Energy  Conserved En.
    1.01995e+02   -3.27775e+05    5.25305e+04   -2.75244e+05   -3.10235e+05
    Temperature Pres. DC (bar) Pressure (bar)   Constr. rmsd
    2.98369e+02   -1.99285e+02   -3.42430e+02    1.89564e-06


DD  step 16499  vol min/aver 0.961  load imb.: force  5.0%
           Step           Time
          16500       33.00000

   Energies (kJ/mol)
           Bond          Angle    Proper Dih. Per. Imp. Dih.          LJ-14
    2.15981e+02    7.13252e+02    8.31852e+02    4.66458e+01    3.30946e+02
     Coulomb-14        LJ (SR)  Disper. corr.   Coulomb (SR)   Coul. recip.
    1.75789e+03    6.16886e+04   -2.57871e+03   -3.91669e+05    1.73450e+03
 Position Rest.      Potential    Kinetic En.   Total Energy  Conserved En.
    1.08555e+02   -3.26819e+05    5.27098e+04   -2.74110e+05   -3.10220e+05
    Temperature Pres. DC (bar) Pressure (bar)   Constr. rmsd
    2.99387e+02   -1.99285e+02   -4.10519e+02    3.52358e-06


DD  step 16999  vol min/aver 0.915  load imb.: force 10.6%
           Step           Time
          17000       34.00000

   Energies (kJ/mol)
           Bond          Angle    Proper Dih. Per. Imp. Dih.          LJ-14
    2.95987e+02    6.30063e+02    8.34500e+02    3.87124e+01    2.90319e+02
     Coulomb-14        LJ (SR)  Disper. corr.   Coulomb (SR)   Coul. recip.
    1.67202e+03    6.21853e+04   -2.57871e+03   -3.92537e+05    1.72949e+03
 Position Rest.      Potential    Kinetic En.   Total Energy  Conserved En.
    8.39564e+01   -3.27356e+05    5.23986e+04   -2.74957e+05   -3.10225e+05
    Temperature Pres. DC (bar) Pressure (bar)   Constr. rmsd
    2.97620e+02   -1.99285e+02   -4.91625e+02    3.06132e-06


DD  step 17499  vol min/aver 0.905  load imb.: force 14.9%
           Step           Time
          17500       35.00000

   Energies (kJ/mol)
           Bond          Angle    Proper Dih. Per. Imp. Dih.          LJ-14
    2.41707e+02    6.45912e+02    8.06251e+02    6.11458e+01    3.25048e+02
     Coulomb-14        LJ (SR)  Disper. corr.   Coulomb (SR)   Coul. recip.
    1.73061e+03    6.20366e+04   -2.57871e+03   -3.91532e+05    1.84765e+03
 Position Rest.      Potential    Kinetic En.   Total Energy  Conserved En.
    9.44383e+01   -3.26322e+05    5.21475e+04   -2.74174e+05   -3.10223e+05
    Temperature Pres. DC (bar) Pressure (bar)   Constr. rmsd
    2.96194e+02   -1.99285e+02   -5.13438e+02    2.99902e-06


DD  step 17999  vol min/aver 0.943  load imb.: force 14.9%
           Step           Time
          18000       36.00000

   Energies (kJ/mol)
           Bond          Angle    Proper Dih. Per. Imp. Dih.          LJ-14
    2.70104e+02    6.61342e+02    8.16174e+02    5.19545e+01    3.26243e+02
     Coulomb-14        LJ (SR)  Disper. corr.   Coulomb (SR)   Coul. recip.
    1.78879e+03    6.18301e+04   -2.57871e+03   -3.92000e+05    1.80406e+03
 Position Rest.      Potential    Kinetic En.   Total Energy  Conserved En.
    9.09033e+01   -3.26939e+05    5.25795e+04   -2.74359e+05   -3.10216e+05
    Temperature Pres. DC (bar) Pressure (bar)   Constr. rmsd
    2.98647e+02   -1.99285e+02   -4.66769e+02    2.75466e-06


DD  step 18499  vol min/aver 0.964  load imb.: force 11.1%
           Step           Time
          18500       37.00000

   Energies (kJ/mol)
           Bond          Angle    Proper Dih. Per. Imp. Dih.          LJ-14
    2.44462e+02    6.48381e+02    8.20673e+02    4.16891e+01    3.24096e+02
     Coulomb-14        LJ (SR)  Disper. corr.   Coulomb (SR)   Coul. recip.
    1.81070e+03    6.20850e+04   -2.57871e+03   -3.92840e+05    1.80794e+03
 Position Rest.      Potential    Kinetic En.   Total Energy  Conserved En.
    9.95605e+01   -3.27536e+05    5.17500e+04   -2.75786e+05   -3.10209e+05
    Temperature Pres. DC (bar) Pressure (bar)   Constr. rmsd
    2.93936e+02   -1.99285e+02   -6.64659e+02    2.20278e-06


DD  step 18999  vol min/aver 0.950  load imb.: force  5.3%
           Step           Time
          19000       38.00000

   Energies (kJ/mol)
           Bond          Angle    Proper Dih. Per. Imp. Dih.          LJ-14
    2.83430e+02    6.71993e+02    7.88747e+02    5.72255e+01    3.23775e+02
     Coulomb-14        LJ (SR)  Disper. corr.   Coulomb (SR)   Coul. recip.
    1.68961e+03    6.25857e+04   -2.57871e+03   -3.92460e+05    1.77772e+03
 Position Rest.      Potential    Kinetic En.   Total Energy  Conserved En.
    1.08861e+02   -3.26752e+05    5.32900e+04   -2.73462e+05   -3.10222e+05
    Temperature Pres. DC (bar) Pressure (bar)   Constr. rmsd
    3.02683e+02   -1.99285e+02   -4.32976e+02    2.74706e-06


DD  step 19499  vol min/aver 0.959  load imb.: force  9.4%
           Step           Time
          19500       39.00000

   Energies (kJ/mol)
           Bond          Angle    Proper Dih. Per. Imp. Dih.          LJ-14
    2.51558e+02    6.12067e+02    8.15097e+02    3.70453e+01    3.27655e+02
     Coulomb-14        LJ (SR)  Disper. corr.   Coulomb (SR)   Coul. recip.
    1.71901e+03    6.15009e+04   -2.57871e+03   -3.91008e+05    1.82695e+03
 Position Rest.      Potential    Kinetic En.   Total Energy  Conserved En.
    8.74352e+01   -3.26409e+05    5.21389e+04   -2.74270e+05   -3.10207e+05
    Temperature Pres. DC (bar) Pressure (bar)   Constr. rmsd
    2.96145e+02   -1.99285e+02   -4.59557e+02    3.10947e-06


DD  step 19999  vol min/aver 0.968  load imb.: force  6.4%
           Step           Time
          20000       40.00000

   Energies (kJ/mol)
           Bond          Angle    Proper Dih. Per. Imp. Dih.          LJ-14
    2.54729e+02    6.48681e+02    7.93449e+02    3.79232e+01    3.12586e+02
     Coulomb-14        LJ (SR)  Disper. corr.   Coulomb (SR)   Coul. recip.
    1.70890e+03    6.19767e+04   -2.57871e+03   -3.91869e+05    1.76431e+03
 Position Rest.      Potential    Kinetic En.   Total Energy  Conserved En.
    8.06562e+01   -3.26870e+05    5.32375e+04   -2.73633e+05   -3.10215e+05
    Temperature Pres. DC (bar) Pressure (bar)   Constr. rmsd
    3.02385e+02   -1.99285e+02   -4.71444e+02    3.08030e-06


DD  step 20499  vol min/aver 0.889  load imb.: force 11.1%
           Step           Time
          20500       41.00000

   Energies (kJ/mol)
           Bond          Angle    Proper Dih. Per. Imp. Dih.          LJ-14
    2.70110e+02    6.23157e+02    8.00718e+02    4.41731e+01    3.34619e+02
     Coulomb-14        LJ (SR)  Disper. corr.   Coulomb (SR)   Coul. recip.
    1.78948e+03    6.27140e+04   -2.57871e+03   -3.92452e+05    1.73256e+03
 Position Rest.      Potential    Kinetic En.   Total Energy  Conserved En.
    7.87483e+01   -3.26643e+05    5.16400e+04   -2.75003e+05   -3.10187e+05
    Temperature Pres. DC (bar) Pressure (bar)   Constr. rmsd
    2.93311e+02   -1.99285e+02   -3.80029e+02    2.86037e-06


DD  step 20999  vol min/aver 0.943  load imb.: force  6.9%
           Step           Time
          21000       42.00000

   Energies (kJ/mol)
           Bond          Angle    Proper Dih. Per. Imp. Dih.          LJ-14
    2.37435e+02    6.19948e+02    8.37859e+02    3.54304e+01    3.04998e+02
     Coulomb-14        LJ (SR)  Disper. corr.   Coulomb (SR)   Coul. recip.
    1.74952e+03    6.20001e+04   -2.57871e+03   -3.92530e+05    1.74987e+03
 Position Rest.      Potential    Kinetic En.   Total Energy  Conserved En.
    8.53448e+01   -3.27488e+05    5.27454e+04   -2.74743e+05   -3.10200e+05
    Temperature Pres. DC (bar) Pressure (bar)   Constr. rmsd
    2.99590e+02   -1.99285e+02   -5.13692e+02    2.89707e-06


DD  step 21499  vol min/aver 0.958  load imb.: force  6.9%
           Step           Time
          21500       43.00000

   Energies (kJ/mol)
           Bond          Angle    Proper Dih. Per. Imp. Dih.          LJ-14
    2.68404e+02    6.78546e+02    8.37098e+02    6.32296e+01    3.31679e+02
     Coulomb-14        LJ (SR)  Disper. corr.   Coulomb (SR)   Coul. recip.
    1.69511e+03    6.22323e+04   -2.57871e+03   -3.91883e+05    1.79377e+03
 Position Rest.      Potential    Kinetic En.   Total Energy  Conserved En.
    1.00138e+02   -3.26461e+05    5.29024e+04   -2.73559e+05   -3.10195e+05
    Temperature Pres. DC (bar) Pressure (bar)   Constr. rmsd
    3.00482e+02   -1.99285e+02   -3.49182e+02    2.65364e-06


DD  step 21999  vol min/aver 0.930  load imb.: force  6.8%
           Step           Time
          22000       44.00000

   Energies (kJ/mol)
           Bond          Angle    Proper Dih. Per. Imp. Dih.          LJ-14
    2.30870e+02    6.76930e+02    8.59842e+02    3.56562e+01    3.07029e+02
     Coulomb-14        LJ (SR)  Disper. corr.   Coulomb (SR)   Coul. recip.
    1.75786e+03    6.26447e+04   -2.57871e+03   -3.93258e+05    1.85861e+03
 Position Rest.      Potential    Kinetic En.   Total Energy  Conserved En.
    9.15583e+01   -3.27373e+05    5.29152e+04   -2.74458e+05   -3.10194e+05
    Temperature Pres. DC (bar) Pressure (bar)   Constr. rmsd
    3.00555e+02   -1.99285e+02   -3.79021e+02    2.39798e-06


DD  step 22499  vol min/aver 0.941  load imb.: force  8.0%
           Step           Time
          22500       45.00000

   Energies (kJ/mol)
           Bond          Angle    Proper Dih. Per. Imp. Dih.          LJ-14
    2.28016e+02    6.20105e+02    8.07669e+02    3.86487e+01    3.28962e+02
     Coulomb-14        LJ (SR)  Disper. corr.   Coulomb (SR)   Coul. recip.
    1.79898e+03    6.28997e+04   -2.57871e+03   -3.93834e+05    1.76120e+03
 Position Rest.      Potential    Kinetic En.   Total Energy  Conserved En.
    7.60216e+01   -3.27853e+05    5.30468e+04   -2.74807e+05   -3.10198e+05
    Temperature Pres. DC (bar) Pressure (bar)   Constr. rmsd
    3.01302e+02   -1.99285e+02   -3.71540e+02    2.33014e-06


DD  step 22999  vol min/aver 0.927  load imb.: force 14.9%
           Step           Time
          23000       46.00000

   Energies (kJ/mol)
           Bond          Angle    Proper Dih. Per. Imp. Dih.          LJ-14
    2.34429e+02    6.37565e+02    8.03136e+02    3.87189e+01    3.36249e+02
     Coulomb-14        LJ (SR)  Disper. corr.   Coulomb (SR)   Coul. recip.
    1.69623e+03    6.06719e+04   -2.57871e+03   -3.91456e+05    1.80085e+03
 Position Rest.      Potential    Kinetic En.   Total Energy  Conserved En.
    1.13755e+02   -3.27702e+05    5.20401e+04   -2.75662e+05   -3.10177e+05
    Temperature Pres. DC (bar) Pressure (bar)   Constr. rmsd
    2.95584e+02   -1.99285e+02   -7.47237e+02    2.27844e-06


DD  step 23499  vol min/aver 0.903  load imb.: force  8.1%
           Step           Time
          23500       47.00000

   Energies (kJ/mol)
           Bond          Angle    Proper Dih. Per. Imp. Dih.          LJ-14
    3.23892e+02    7.81552e+02    7.87327e+02    4.17912e+01    3.09570e+02
     Coulomb-14        LJ (SR)  Disper. corr.   Coulomb (SR)   Coul. recip.
    1.73186e+03    6.18338e+04   -2.57871e+03   -3.91858e+05    1.86925e+03
 Position Rest.      Potential    Kinetic En.   Total Energy  Conserved En.
    1.05135e+02   -3.26652e+05    5.38278e+04   -2.72824e+05   -3.10168e+05
    Temperature Pres. DC (bar) Pressure (bar)   Constr. rmsd
    3.05738e+02   -1.99285e+02   -5.68689e+02    3.22054e-06


DD  step 23999  vol min/aver 0.874  load imb.: force  4.1%

step 24000 Turning off dynamic load balancing, because it is degrading performance.
Atom distribution over 10 domains: av 2109 stddev 38 min 2072 max 2176
           Step           Time
          24000       48.00000

   Energies (kJ/mol)
           Bond          Angle    Proper Dih. Per. Imp. Dih.          LJ-14
    2.72821e+02    6.82983e+02    8.31572e+02    3.80804e+01    3.04021e+02
     Coulomb-14        LJ (SR)  Disper. corr.   Coulomb (SR)   Coul. recip.
    1.75079e+03    6.10665e+04   -2.57871e+03   -3.89870e+05    1.84315e+03
 Position Rest.      Potential    Kinetic En.   Total Energy  Conserved En.
    8.50784e+01   -3.25574e+05    5.31879e+04   -2.72386e+05   -3.10186e+05
    Temperature Pres. DC (bar) Pressure (bar)   Constr. rmsd
    3.02103e+02   -1.99285e+02   -4.94024e+02    3.58911e-06


DD  step 24499 load imb.: force 13.9%
           Step           Time
          24500       49.00000

   Energies (kJ/mol)
           Bond          Angle    Proper Dih. Per. Imp. Dih.          LJ-14
    2.34069e+02    7.55479e+02    7.97192e+02    3.94057e+01    3.20632e+02
     Coulomb-14        LJ (SR)  Disper. corr.   Coulomb (SR)   Coul. recip.
    1.73993e+03    6.19078e+04   -2.57871e+03   -3.91319e+05    1.87083e+03
 Position Rest.      Potential    Kinetic En.   Total Energy  Conserved En.
    1.03725e+02   -3.26129e+05    5.27486e+04   -2.73380e+05   -3.10166e+05
    Temperature Pres. DC (bar) Pressure (bar)   Constr. rmsd
    2.99608e+02   -1.99285e+02   -5.78369e+02    2.95448e-06


DD  step 24999 load imb.: force  9.7%

step 25000 Turning on dynamic load balancing, because the performance loss due to load imbalance is 2.5 %.
           Step           Time
          25000       50.00000

   Energies (kJ/mol)
           Bond          Angle    Proper Dih. Per. Imp. Dih.          LJ-14
    2.51073e+02    6.09438e+02    7.98464e+02    3.39877e+01    3.19103e+02
     Coulomb-14        LJ (SR)  Disper. corr.   Coulomb (SR)   Coul. recip.
    1.74814e+03    6.18417e+04   -2.57871e+03   -3.92632e+05    1.83224e+03
 Position Rest.      Potential    Kinetic En.   Total Energy  Conserved En.
    9.88303e+01   -3.27678e+05    5.30372e+04   -2.74641e+05   -3.10176e+05
    Temperature Pres. DC (bar) Pressure (bar)   Constr. rmsd
    3.01247e+02   -1.99285e+02   -6.26005e+02    3.17226e-06


DD  step 25499  vol min/aver 0.949  load imb.: force  7.6%
           Step           Time
          25500       51.00000

   Energies (kJ/mol)
           Bond          Angle    Proper Dih. Per. Imp. Dih.          LJ-14
    2.71736e+02    6.59474e+02    7.94719e+02    4.00499e+01    3.49596e+02
     Coulomb-14        LJ (SR)  Disper. corr.   Coulomb (SR)   Coul. recip.
    1.76709e+03    6.25697e+04   -2.57871e+03   -3.92263e+05    1.80259e+03
 Position Rest.      Potential    Kinetic En.   Total Energy  Conserved En.
    9.52663e+01   -3.26491e+05    5.28140e+04   -2.73677e+05   -3.10166e+05
    Temperature Pres. DC (bar) Pressure (bar)   Constr. rmsd
    2.99980e+02   -1.99285e+02   -1.28518e+02    2.89955e-06


DD  step 25999  vol min/aver 0.938  load imb.: force  3.8%
           Step           Time
          26000       52.00000

   Energies (kJ/mol)
           Bond          Angle    Proper Dih. Per. Imp. Dih.          LJ-14
    2.51803e+02    6.17352e+02    8.21305e+02    5.15647e+01    3.29205e+02
     Coulomb-14        LJ (SR)  Disper. corr.   Coulomb (SR)   Coul. recip.
    1.83324e+03    6.18209e+04   -2.57871e+03   -3.91582e+05    1.77868e+03
 Position Rest.      Potential    Kinetic En.   Total Energy  Conserved En.
    1.18149e+02   -3.26538e+05    5.26286e+04   -2.73910e+05   -3.10167e+05
    Temperature Pres. DC (bar) Pressure (bar)   Constr. rmsd
    2.98926e+02   -1.99285e+02   -5.92207e+02    3.26715e-06


DD  step 26499  vol min/aver 0.921  load imb.: force  8.9%
           Step           Time
          26500       53.00000

   Energies (kJ/mol)
           Bond          Angle    Proper Dih. Per. Imp. Dih.          LJ-14
    2.15271e+02    6.27124e+02    8.20185e+02    4.57660e+01    3.27314e+02
     Coulomb-14        LJ (SR)  Disper. corr.   Coulomb (SR)   Coul. recip.
    1.79615e+03    6.08076e+04   -2.57871e+03   -3.90575e+05    1.77270e+03
 Position Rest.      Potential    Kinetic En.   Total Energy  Conserved En.
    9.05536e+01   -3.26651e+05    5.22467e+04   -2.74405e+05   -3.10168e+05
    Temperature Pres. DC (bar) Pressure (bar)   Constr. rmsd
    2.96757e+02   -1.99285e+02   -7.08799e+02    3.97344e-06


DD  step 26999  vol min/aver 0.937  load imb.: force  8.9%
           Step           Time
          27000       54.00000

   Energies (kJ/mol)
           Bond          Angle    Proper Dih. Per. Imp. Dih.          LJ-14
    2.78504e+02    6.69897e+02    8.16637e+02    6.10920e+01    3.20961e+02
     Coulomb-14        LJ (SR)  Disper. corr.   Coulomb (SR)   Coul. recip.
    1.71440e+03    6.19428e+04   -2.57871e+03   -3.92978e+05    1.71432e+03
 Position Rest.      Potential    Kinetic En.   Total Energy  Conserved En.
    9.06236e+01   -3.27948e+05    5.32235e+04   -2.74724e+05   -3.10167e+05
    Temperature Pres. DC (bar) Pressure (bar)   Constr. rmsd
    3.02305e+02   -1.99285e+02   -6.02294e+02    2.30250e-06


DD  step 27499  vol min/aver 0.944  load imb.: force 11.1%
           Step           Time
          27500       55.00000

   Energies (kJ/mol)
           Bond          Angle    Proper Dih. Per. Imp. Dih.          LJ-14
    3.61914e+02    6.16530e+02    8.17363e+02    4.20456e+01    3.16366e+02
     Coulomb-14        LJ (SR)  Disper. corr.   Coulomb (SR)   Coul. recip.
    1.73195e+03    6.26112e+04   -2.57871e+03   -3.93325e+05    1.80440e+03
 Position Rest.      Potential    Kinetic En.   Total Energy  Conserved En.
    1.12978e+02   -3.27489e+05    5.26991e+04   -2.74790e+05   -3.10155e+05
    Temperature Pres. DC (bar) Pressure (bar)   Constr. rmsd
    2.99327e+02   -1.99285e+02   -4.02691e+02    5.81004e-06


DD  step 27999  vol min/aver 0.948  load imb.: force  5.0%
           Step           Time
          28000       56.00000

   Energies (kJ/mol)
           Bond          Angle    Proper Dih. Per. Imp. Dih.          LJ-14
    2.66624e+02    5.85850e+02    7.96174e+02    3.74904e+01    3.43096e+02
     Coulomb-14        LJ (SR)  Disper. corr.   Coulomb (SR)   Coul. recip.
    1.83309e+03    6.20709e+04   -2.57871e+03   -3.93139e+05    1.78132e+03
 Position Rest.      Potential    Kinetic En.   Total Energy  Conserved En.
    8.84177e+01   -3.27915e+05    5.22247e+04   -2.75690e+05   -3.10145e+05
    Temperature Pres. DC (bar) Pressure (bar)   Constr. rmsd
    2.96632e+02   -1.99285e+02   -5.06599e+02    2.50461e-06


DD  step 28499  vol min/aver 0.928  load imb.: force 13.6%
           Step           Time
          28500       57.00000

   Energies (kJ/mol)
           Bond          Angle    Proper Dih. Per. Imp. Dih.          LJ-14
    2.96566e+02    6.79662e+02    8.25190e+02    4.01715e+01    3.06289e+02
     Coulomb-14        LJ (SR)  Disper. corr.   Coulomb (SR)   Coul. recip.
    1.75191e+03    6.22071e+04   -2.57871e+03   -3.92362e+05    1.76743e+03
 Position Rest.      Potential    Kinetic En.   Total Energy  Conserved En.
    1.09188e+02   -3.26958e+05    5.28045e+04   -2.74153e+05   -3.10148e+05
    Temperature Pres. DC (bar) Pressure (bar)   Constr. rmsd
    2.99926e+02   -1.99285e+02   -5.88445e+02    2.54523e-06


DD  step 28999  vol min/aver 0.904  load imb.: force 24.9%
           Step           Time
          29000       58.00000

   Energies (kJ/mol)
           Bond          Angle    Proper Dih. Per. Imp. Dih.          LJ-14
    3.08209e+02    6.48737e+02    7.96618e+02    3.62725e+01    3.21716e+02
     Coulomb-14        LJ (SR)  Disper. corr.   Coulomb (SR)   Coul. recip.
    1.75281e+03    6.19086e+04   -2.57871e+03   -3.92719e+05    1.76316e+03
 Position Rest.      Potential    Kinetic En.   Total Energy  Conserved En.
    8.94718e+01   -3.27672e+05    5.29379e+04   -2.74734e+05   -3.10149e+05
    Temperature Pres. DC (bar) Pressure (bar)   Constr. rmsd
    3.00683e+02   -1.99285e+02   -6.29238e+02    2.62826e-06


DD  step 29499  vol min/aver 0.847  load imb.: force 13.7%
           Step           Time
          29500       59.00000

   Energies (kJ/mol)
           Bond          Angle    Proper Dih. Per. Imp. Dih.          LJ-14
    2.81615e+02    6.07063e+02    7.73296e+02    5.11535e+01    3.22640e+02
     Coulomb-14        LJ (SR)  Disper. corr.   Coulomb (SR)   Coul. recip.
    1.71805e+03    6.05105e+04   -2.57871e+03   -3.91188e+05    1.79575e+03
 Position Rest.      Potential    Kinetic En.   Total Energy  Conserved En.
    1.06583e+02   -3.27600e+05    5.24169e+04   -2.75184e+05   -3.10146e+05
    Temperature Pres. DC (bar) Pressure (bar)   Constr. rmsd
    2.97724e+02   -1.99285e+02   -8.07091e+02    3.44935e-06


DD  step 29999  vol min/aver 0.832  load imb.: force  4.4%
           Step           Time
          30000       60.00000

   Energies (kJ/mol)
           Bond          Angle    Proper Dih. Per. Imp. Dih.          LJ-14
    2.64008e+02    6.48484e+02    8.27974e+02    4.02535e+01    3.32425e+02
     Coulomb-14        LJ (SR)  Disper. corr.   Coulomb (SR)   Coul. recip.
    1.81195e+03    6.17832e+04   -2.57871e+03   -3.91252e+05    1.73105e+03
 Position Rest.      Potential    Kinetic En.   Total Energy  Conserved En.
    9.62331e+01   -3.26295e+05    5.33845e+04   -2.72910e+05   -3.10141e+05
    Temperature Pres. DC (bar) Pressure (bar)   Constr. rmsd
    3.03220e+02   -1.99285e+02   -3.49465e+02    3.41083e-06


DD  step 30499  vol min/aver 0.861  load imb.: force  8.9%
           Step           Time
          30500       61.00000

   Energies (kJ/mol)
           Bond          Angle    Proper Dih. Per. Imp. Dih.          LJ-14
    2.49787e+02    7.53116e+02    8.39066e+02    5.78010e+01    3.51097e+02
     Coulomb-14        LJ (SR)  Disper. corr.   Coulomb (SR)   Coul. recip.
    1.67417e+03    6.22066e+04   -2.57871e+03   -3.91433e+05    1.89665e+03
 Position Rest.      Potential    Kinetic En.   Total Energy  Conserved En.
    8.77932e+01   -3.25896e+05    5.28911e+04   -2.73005e+05   -3.10133e+05
    Temperature Pres. DC (bar) Pressure (bar)   Constr. rmsd
    3.00417e+02   -1.99285e+02   -2.68408e+02    2.82805e-06


DD  step 30999  vol min/aver 0.902  load imb.: force  8.8%
           Step           Time
          31000       62.00000

   Energies (kJ/mol)
           Bond          Angle    Proper Dih. Per. Imp. Dih.          LJ-14
    2.43862e+02    6.88872e+02    8.00517e+02    4.25022e+01    3.36589e+02
     Coulomb-14        LJ (SR)  Disper. corr.   Coulomb (SR)   Coul. recip.
    1.71313e+03    6.25672e+04   -2.57871e+03   -3.92703e+05    1.75072e+03
 Position Rest.      Potential    Kinetic En.   Total Energy  Conserved En.
    8.97228e+01   -3.27049e+05    5.26869e+04   -2.74362e+05   -3.10122e+05
    Temperature Pres. DC (bar) Pressure (bar)   Constr. rmsd
    2.99258e+02   -1.99285e+02   -4.22489e+02    2.32208e-06


DD  step 31499  vol min/aver 0.902  load imb.: force  5.3%
           Step           Time
          31500       63.00000

   Energies (kJ/mol)
           Bond          Angle    Proper Dih. Per. Imp. Dih.          LJ-14
    2.49941e+02    6.49770e+02    8.21316e+02    3.83995e+01    3.55643e+02
     Coulomb-14        LJ (SR)  Disper. corr.   Coulomb (SR)   Coul. recip.
    1.73356e+03    6.15121e+04   -2.57871e+03   -3.91447e+05    1.81431e+03
 Position Rest.      Potential    Kinetic En.   Total Energy  Conserved En.
    8.38115e+01   -3.26767e+05    5.35698e+04   -2.73197e+05   -3.10136e+05
    Temperature Pres. DC (bar) Pressure (bar)   Constr. rmsd
    3.04272e+02   -1.99285e+02   -6.59254e+02    3.34213e-06


DD  step 31999  vol min/aver 0.916  load imb.: force  8.0%
           Step           Time
          32000       64.00000

   Energies (kJ/mol)
           Bond          Angle    Proper Dih. Per. Imp. Dih.          LJ-14
    2.74043e+02    7.62185e+02    8.10085e+02    3.86339e+01    3.35346e+02
     Coulomb-14        LJ (SR)  Disper. corr.   Coulomb (SR)   Coul. recip.
    1.71854e+03    6.13829e+04   -2.57871e+03   -3.90132e+05    1.73954e+03
 Position Rest.      Potential    Kinetic En.   Total Energy  Conserved En.
    7.32850e+01   -3.25576e+05    5.28482e+04   -2.72728e+05   -3.10119e+05
    Temperature Pres. DC (bar) Pressure (bar)   Constr. rmsd
    3.00173e+02   -1.99285e+02   -4.69986e+02    2.33547e-06


DD  step 32499  vol min/aver 0.931  load imb.: force  8.2%
           Step           Time
          32500       65.00000

   Energies (kJ/mol)
           Bond          Angle    Proper Dih. Per. Imp. Dih.          LJ-14
    2.74681e+02    6.93901e+02    8.20888e+02    3.39312e+01    3.48100e+02
     Coulomb-14        LJ (SR)  Disper. corr.   Coulomb (SR)   Coul. recip.
    1.78650e+03    6.13911e+04   -2.57871e+03   -3.90569e+05    1.82527e+03
 Position Rest.      Potential    Kinetic En.   Total Energy  Conserved En.
    9.76615e+01   -3.25876e+05    5.28777e+04   -2.72998e+05   -3.10119e+05
    Temperature Pres. DC (bar) Pressure (bar)   Constr. rmsd
    3.00341e+02   -1.99285e+02   -4.64352e+02    3.16771e-06


DD  step 32999  vol min/aver 0.946  load imb.: force 12.6%
           Step           Time
          33000       66.00000

   Energies (kJ/mol)
           Bond          Angle    Proper Dih. Per. Imp. Dih.          LJ-14
    2.78754e+02    7.26327e+02    7.73175e+02    6.22272e+01    3.42336e+02
     Coulomb-14        LJ (SR)  Disper. corr.   Coulomb (SR)   Coul. recip.
    1.71150e+03    6.15266e+04   -2.57871e+03   -3.90602e+05    1.76270e+03
 Position Rest.      Potential    Kinetic En.   Total Energy  Conserved En.
    9.90448e+01   -3.25898e+05    5.27256e+04   -2.73173e+05   -3.10109e+05
    Temperature Pres. DC (bar) Pressure (bar)   Constr. rmsd
    2.99477e+02   -1.99285e+02   -6.79407e+02    3.21128e-06


DD  step 33499  vol min/aver 0.970  load imb.: force 10.1%
           Step           Time
          33500       67.00000

   Energies (kJ/mol)
           Bond          Angle    Proper Dih. Per. Imp. Dih.          LJ-14
    2.80615e+02    6.66576e+02    8.06840e+02    4.66745e+01    2.76007e+02
     Coulomb-14        LJ (SR)  Disper. corr.   Coulomb (SR)   Coul. recip.
    1.66546e+03    6.15254e+04   -2.57871e+03   -3.91648e+05    1.81000e+03
 Position Rest.      Potential    Kinetic En.   Total Energy  Conserved En.
    9.29269e+01   -3.27056e+05    5.26650e+04   -2.74391e+05   -3.10111e+05
    Temperature Pres. DC (bar) Pressure (bar)   Constr. rmsd
    2.99133e+02   -1.99285e+02   -8.56217e+02    3.28739e-06


DD  step 33999  vol min/aver 0.930  load imb.: force  7.0%
           Step           Time
          34000       68.00000

   Energies (kJ/mol)
           Bond          Angle    Proper Dih. Per. Imp. Dih.          LJ-14
    2.83185e+02    6.54574e+02    7.79898e+02    5.37136e+01    3.02118e+02
     Coulomb-14        LJ (SR)  Disper. corr.   Coulomb (SR)   Coul. recip.
    1.70253e+03    6.25244e+04   -2.57871e+03   -3.92562e+05    1.85888e+03
 Position Rest.      Potential    Kinetic En.   Total Energy  Conserved En.
    9.72838e+01   -3.26884e+05    5.30501e+04   -2.73834e+05   -3.10100e+05
    Temperature Pres. DC (bar) Pressure (bar)   Constr. rmsd
    3.01320e+02   -1.99285e+02   -2.61580e+02    3.04393e-06


DD  step 34499  vol min/aver 0.937  load imb.: force 10.7%
           Step           Time
          34500       69.00000

   Energies (kJ/mol)
           Bond          Angle    Proper Dih. Per. Imp. Dih.          LJ-14
    2.77088e+02    6.53325e+02    8.21732e+02    6.37734e+01    3.39151e+02
     Coulomb-14        LJ (SR)  Disper. corr.   Coulomb (SR)   Coul. recip.
    1.68601e+03    6.23851e+04   -2.57871e+03   -3.92263e+05    1.80646e+03
 Position Rest.      Potential    Kinetic En.   Total Energy  Conserved En.
    7.95358e+01   -3.26729e+05    5.28042e+04   -2.73925e+05   -3.10096e+05
    Temperature Pres. DC (bar) Pressure (bar)   Constr. rmsd
    2.99924e+02   -1.99285e+02   -3.55238e+02    3.11707e-06


DD  step 34999  vol min/aver 0.949  load imb.: force 16.0%
           Step           Time
          35000       70.00000

   Energies (kJ/mol)
           Bond          Angle    Proper Dih. Per. Imp. Dih.          LJ-14
    3.16224e+02    6.60882e+02    8.04112e+02    4.71479e+01    3.19579e+02
     Coulomb-14        LJ (SR)  Disper. corr.   Coulomb (SR)   Coul. recip.
    1.68554e+03    6.19941e+04   -2.57871e+03   -3.92239e+05    1.78267e+03
 Position Rest.      Potential    Kinetic En.   Total Energy  Conserved En.
    8.89901e+01   -3.27118e+05    5.29112e+04   -2.74207e+05   -3.10107e+05
    Temperature Pres. DC (bar) Pressure (bar)   Constr. rmsd
    3.00531e+02   -1.99285e+02   -3.48077e+02    2.41605e-06


DD  step 35499  vol min/aver 0.922  load imb.: force  7.5%
           Step           Time
          35500       71.00000

   Energies (kJ/mol)
           Bond          Angle    Proper Dih. Per. Imp. Dih.          LJ-14
    2.62886e+02    6.59159e+02    8.21072e+02    4.50289e+01    3.50476e+02
     Coulomb-14        LJ (SR)  Disper. corr.   Coulomb (SR)   Coul. recip.
    1.76100e+03    6.17979e+04   -2.57871e+03   -3.91935e+05    1.78165e+03
 Position Rest.      Potential    Kinetic En.   Total Energy  Conserved En.
    8.28857e+01   -3.26951e+05    5.27748e+04   -2.74176e+05   -3.10108e+05
    Temperature Pres. DC (bar) Pressure (bar)   Constr. rmsd
    2.99757e+02   -1.99285e+02   -5.86796e+02    3.25867e-06


DD  step 35999  vol min/aver 0.943  load imb.: force 12.4%
           Step           Time
          36000       72.00000

   Energies (kJ/mol)
           Bond          Angle    Proper Dih. Per. Imp. Dih.          LJ-14
    2.46105e+02    6.33781e+02    8.19625e+02    4.38368e+01    3.16741e+02
     Coulomb-14        LJ (SR)  Disper. corr.   Coulomb (SR)   Coul. recip.
    1.72360e+03    6.21074e+04   -2.57871e+03   -3.92082e+05    1.78339e+03
 Position Rest.      Potential    Kinetic En.   Total Energy  Conserved En.
    9.11765e+01   -3.26896e+05    5.25912e+04   -2.74304e+05   -3.10104e+05
    Temperature Pres. DC (bar) Pressure (bar)   Constr. rmsd
    2.98714e+02   -1.99285e+02   -4.60664e+02    2.43933e-06


DD  step 36499  vol min/aver 0.925  load imb.: force  5.7%
           Step           Time
          36500       73.00000

   Energies (kJ/mol)
           Bond          Angle    Proper Dih. Per. Imp. Dih.          LJ-14
    2.76028e+02    6.70992e+02    8.13485e+02    4.50216e+01    3.20110e+02
     Coulomb-14        LJ (SR)  Disper. corr.   Coulomb (SR)   Coul. recip.
    1.71573e+03    6.25813e+04   -2.57871e+03   -3.92628e+05    1.77360e+03
 Position Rest.      Potential    Kinetic En.   Total Energy  Conserved En.
    9.98914e+01   -3.26911e+05    5.27924e+04   -2.74118e+05   -3.10095e+05
    Temperature Pres. DC (bar) Pressure (bar)   Constr. rmsd
    2.99857e+02   -1.99285e+02   -3.65309e+02    2.53148e-06


DD  step 36999  vol min/aver 0.959  load imb.: force  6.3%
           Step           Time
          37000       74.00000

   Energies (kJ/mol)
           Bond          Angle    Proper Dih. Per. Imp. Dih.          LJ-14
    2.88323e+02    7.04245e+02    8.09598e+02    3.67934e+01    3.25422e+02
     Coulomb-14        LJ (SR)  Disper. corr.   Coulomb (SR)   Coul. recip.
    1.68250e+03    6.11276e+04   -2.57871e+03   -3.90215e+05    1.82827e+03
 Position Rest.      Potential    Kinetic En.   Total Energy  Conserved En.
    8.68523e+01   -3.25904e+05    5.29181e+04   -2.72986e+05   -3.10096e+05
    Temperature Pres. DC (bar) Pressure (bar)   Constr. rmsd
    3.00571e+02   -1.99285e+02   -5.55575e+02    3.06727e-06


DD  step 37499  vol min/aver 0.968  load imb.: force  6.1%
           Step           Time
          37500       75.00000

   Energies (kJ/mol)
           Bond          Angle    Proper Dih. Per. Imp. Dih.          LJ-14
    2.54407e+02    6.13981e+02    8.08807e+02    3.92978e+01    3.34148e+02
     Coulomb-14        LJ (SR)  Disper. corr.   Coulomb (SR)   Coul. recip.
    1.72839e+03    6.16488e+04   -2.57871e+03   -3.90987e+05    1.79032e+03
 Position Rest.      Potential    Kinetic En.   Total Energy  Conserved En.
    7.24722e+01   -3.26275e+05    5.25227e+04   -2.73753e+05   -3.10080e+05
    Temperature Pres. DC (bar) Pressure (bar)   Constr. rmsd
    2.98325e+02   -1.99285e+02   -4.63513e+02    2.88096e-06


DD  step 37999  vol min/aver 0.942  load imb.: force  9.7%
           Step           Time
          38000       76.00000

   Energies (kJ/mol)
           Bond          Angle    Proper Dih. Per. Imp. Dih.          LJ-14
    2.86223e+02    6.88517e+02    8.10268e+02    4.87727e+01    3.21913e+02
     Coulomb-14        LJ (SR)  Disper. corr.   Coulomb (SR)   Coul. recip.
    1.75211e+03    6.22328e+04   -2.57871e+03   -3.93037e+05    1.79503e+03
 Position Rest.      Potential    Kinetic En.   Total Energy  Conserved En.
    8.42723e+01   -3.27596e+05    5.26160e+04   -2.74980e+05   -3.10071e+05
    Temperature Pres. DC (bar) Pressure (bar)   Constr. rmsd
    2.98855e+02   -1.99285e+02   -4.57997e+02    2.76983e-06


DD  step 38499  vol min/aver 0.933  load imb.: force  5.3%
           Step           Time
          38500       77.00000

   Energies (kJ/mol)
           Bond          Angle    Proper Dih. Per. Imp. Dih.          LJ-14
    2.33597e+02    6.90722e+02    7.87640e+02    6.25296e+01    3.38037e+02
     Coulomb-14        LJ (SR)  Disper. corr.   Coulomb (SR)   Coul. recip.
    1.74711e+03    6.17780e+04   -2.57871e+03   -3.92077e+05    1.76992e+03
 Position Rest.      Potential    Kinetic En.   Total Energy  Conserved En.
    7.82063e+01   -3.27170e+05    5.33720e+04   -2.73798e+05   -3.10080e+05
    Temperature Pres. DC (bar) Pressure (bar)   Constr. rmsd
    3.03149e+02   -1.99285e+02   -4.65363e+02    4.36616e-06


DD  step 38999  vol min/aver 0.942  load imb.: force  4.6%
           Step           Time
          39000       78.00000

   Energies (kJ/mol)
           Bond          Angle    Proper Dih. Per. Imp. Dih.          LJ-14
    2.71023e+02    6.56609e+02    7.88769e+02    3.61538e+01    3.25483e+02
     Coulomb-14        LJ (SR)  Disper. corr.   Coulomb (SR)   Coul. recip.
    1.69959e+03    6.19805e+04   -2.57871e+03   -3.91311e+05    1.74459e+03
 Position Rest.      Potential    Kinetic En.   Total Energy  Conserved En.
    8.68344e+01   -3.26300e+05    5.20662e+04   -2.74234e+05   -3.10075e+05
    Temperature Pres. DC (bar) Pressure (bar)   Constr. rmsd
    2.95732e+02   -1.99285e+02   -4.32717e+02    2.62490e-06


DD  step 39499  vol min/aver 0.925  load imb.: force  4.6%
           Step           Time
          39500       79.00000

   Energies (kJ/mol)
           Bond          Angle    Proper Dih. Per. Imp. Dih.          LJ-14
    2.60426e+02    6.38330e+02    8.10811e+02    4.60113e+01    3.15015e+02
     Coulomb-14        LJ (SR)  Disper. corr.   Coulomb (SR)   Coul. recip.
    1.72015e+03    6.14533e+04   -2.57871e+03   -3.91225e+05    1.76135e+03
 Position Rest.      Potential    Kinetic En.   Total Energy  Conserved En.
    9.21978e+01   -3.26706e+05    5.30021e+04   -2.73704e+05   -3.10079e+05
    Temperature Pres. DC (bar) Pressure (bar)   Constr. rmsd
    3.01048e+02   -1.99285e+02   -5.74066e+02    2.64136e-06


DD  step 39999  vol min/aver 0.970  load imb.: force  6.6%
           Step           Time
          40000       80.00000

   Energies (kJ/mol)
           Bond          Angle    Proper Dih. Per. Imp. Dih.          LJ-14
    2.58590e+02    6.98924e+02    8.16272e+02    4.33255e+01    3.29748e+02
     Coulomb-14        LJ (SR)  Disper. corr.   Coulomb (SR)   Coul. recip.
    1.70236e+03    6.15939e+04   -2.57871e+03   -3.91442e+05    1.74572e+03
 Position Rest.      Potential    Kinetic En.   Total Energy  Conserved En.
    9.10354e+01   -3.26740e+05    5.29420e+04   -2.73798e+05   -3.10076e+05
    Temperature Pres. DC (bar) Pressure (bar)   Constr. rmsd
    3.00706e+02   -1.99285e+02   -5.39554e+02    3.80891e-06


DD  step 40499  vol min/aver 0.910  load imb.: force  6.5%
           Step           Time
          40500       81.00000

   Energies (kJ/mol)
           Bond          Angle    Proper Dih. Per. Imp. Dih.          LJ-14
    2.87768e+02    7.09384e+02    8.20353e+02    5.79663e+01    3.02996e+02
     Coulomb-14        LJ (SR)  Disper. corr.   Coulomb (SR)   Coul. recip.
    1.75680e+03    6.13767e+04   -2.57871e+03   -3.90813e+05    1.78117e+03
 Position Rest.      Potential    Kinetic En.   Total Energy  Conserved En.
    7.49294e+01   -3.26224e+05    5.29015e+04   -2.73323e+05   -3.10059e+05
    Temperature Pres. DC (bar) Pressure (bar)   Constr. rmsd
    3.00476e+02   -1.99285e+02   -5.77457e+02    2.30033e-06


DD  step 40999  vol min/aver 0.930  load imb.: force  7.1%
           Step           Time
          41000       82.00000

   Energies (kJ/mol)
           Bond          Angle    Proper Dih. Per. Imp. Dih.          LJ-14
    2.13839e+02    5.46379e+02    7.84712e+02    5.02738e+01    3.33106e+02
     Coulomb-14        LJ (SR)  Disper. corr.   Coulomb (SR)   Coul. recip.
    1.80359e+03    6.16787e+04   -2.57871e+03   -3.92406e+05    1.76056e+03
 Position Rest.      Potential    Kinetic En.   Total Energy  Conserved En.
    8.23765e+01   -3.27731e+05    5.23008e+04   -2.75430e+05   -3.10069e+05
    Temperature Pres. DC (bar) Pressure (bar)   Constr. rmsd
    2.97064e+02   -1.99285e+02   -4.42837e+02    2.95374e-06


DD  step 41499  vol min/aver 0.938  load imb.: force 10.1%
           Step           Time
          41500       83.00000

   Energies (kJ/mol)
           Bond          Angle    Proper Dih. Per. Imp. Dih.          LJ-14
    3.23494e+02    7.14422e+02    8.19614e+02    6.02307e+01    2.91001e+02
     Coulomb-14        LJ (SR)  Disper. corr.   Coulomb (SR)   Coul. recip.
    1.69154e+03    6.30222e+04   -2.57871e+03   -3.92172e+05    1.84886e+03
 Position Rest.      Potential    Kinetic En.   Total Energy  Conserved En.
    9.29358e+01   -3.25886e+05    5.32245e+04   -2.72662e+05   -3.10062e+05
    Temperature Pres. DC (bar) Pressure (bar)   Constr. rmsd
    3.02311e+02   -1.99285e+02   -1.13544e+02    3.66139e-06


DD  step 41999  vol min/aver 0.956  load imb.: force  8.2%
           Step           Time
          42000       84.00000

   Energies (kJ/mol)
           Bond          Angle    Proper Dih. Per. Imp. Dih.          LJ-14
    2.43782e+02    6.67972e+02    8.07740e+02    3.21276e+01    3.02200e+02
     Coulomb-14        LJ (SR)  Disper. corr.   Coulomb (SR)   Coul. recip.
    1.73260e+03    6.23374e+04   -2.57871e+03   -3.93272e+05    1.78543e+03
 Position Rest.      Potential    Kinetic En.   Total Energy  Conserved En.
    1.10173e+02   -3.27831e+05    5.31018e+04   -2.74729e+05   -3.10060e+05
    Temperature Pres. DC (bar) Pressure (bar)   Constr. rmsd
    3.01614e+02   -1.99285e+02   -4.84954e+02    2.37818e-06


DD  step 42499  vol min/aver 0.950  load imb.: force  4.1%
           Step           Time
          42500       85.00000

   Energies (kJ/mol)
           Bond          Angle    Proper Dih. Per. Imp. Dih.          LJ-14
    2.09906e+02    6.57966e+02    8.23346e+02    5.17651e+01    3.42510e+02
     Coulomb-14        LJ (SR)  Disper. corr.   Coulomb (SR)   Coul. recip.
    1.82000e+03    6.22235e+04   -2.57871e+03   -3.92823e+05    1.78700e+03
 Position Rest.      Potential    Kinetic En.   Total Energy  Conserved En.
    1.18350e+02   -3.27367e+05    5.24758e+04   -2.74891e+05   -3.10048e+05
    Temperature Pres. DC (bar) Pressure (bar)   Constr. rmsd
    2.98059e+02   -1.99285e+02   -4.36085e+02    2.03641e-06


DD  step 42999  vol min/aver 0.973  load imb.: force  7.0%
           Step           Time
          43000       86.00000

   Energies (kJ/mol)
           Bond          Angle    Proper Dih. Per. Imp. Dih.          LJ-14
    2.76098e+02    7.06764e+02    8.01262e+02    3.03910e+01    3.16836e+02
     Coulomb-14        LJ (SR)  Disper. corr.   Coulomb (SR)   Coul. recip.
    1.75804e+03    6.26601e+04   -2.57871e+03   -3.92741e+05    1.84012e+03
 Position Rest.      Potential    Kinetic En.   Total Energy  Conserved En.
    1.03996e+02   -3.26826e+05    5.27727e+04   -2.74054e+05   -3.10044e+05
    Temperature Pres. DC (bar) Pressure (bar)   Constr. rmsd
    2.99745e+02   -1.99285e+02   -4.57000e+02    2.23246e-06


DD  step 43499  vol min/aver 0.951  load imb.: force  5.8%
           Step           Time
          43500       87.00000

   Energies (kJ/mol)
           Bond          Angle    Proper Dih. Per. Imp. Dih.          LJ-14
    2.64495e+02    6.34750e+02    7.99354e+02    5.47706e+01    3.37212e+02
     Coulomb-14        LJ (SR)  Disper. corr.   Coulomb (SR)   Coul. recip.
    1.77112e+03    6.21066e+04   -2.57871e+03   -3.91592e+05    1.79401e+03
 Position Rest.      Potential    Kinetic En.   Total Energy  Conserved En.
    9.46315e+01   -3.26313e+05    5.24645e+04   -2.73849e+05   -3.10038e+05
    Temperature Pres. DC (bar) Pressure (bar)   Constr. rmsd
    2.97994e+02   -1.99285e+02   -4.64837e+02    2.84861e-06


DD  step 43999  vol min/aver 0.960  load imb.: force  8.7%
           Step           Time
          44000       88.00000

   Energies (kJ/mol)
           Bond          Angle    Proper Dih. Per. Imp. Dih.          LJ-14
    3.11059e+02    7.30832e+02    8.56766e+02    4.66397e+01    3.03914e+02
     Coulomb-14        LJ (SR)  Disper. corr.   Coulomb (SR)   Coul. recip.
    1.69519e+03    6.19491e+04   -2.57871e+03   -3.91810e+05    1.75352e+03
 Position Rest.      Potential    Kinetic En.   Total Energy  Conserved En.
    8.23792e+01   -3.26659e+05    5.33874e+04   -2.73272e+05   -3.10031e+05
    Temperature Pres. DC (bar) Pressure (bar)   Constr. rmsd
    3.03236e+02   -1.99285e+02   -5.44078e+02    3.42493e-06


DD  step 44499  vol min/aver 0.964  load imb.: force  6.9%
           Step           Time
          44500       89.00000

   Energies (kJ/mol)
           Bond          Angle    Proper Dih. Per. Imp. Dih.          LJ-14
    2.55348e+02    7.14951e+02    8.20827e+02    4.45352e+01    3.50771e+02
     Coulomb-14        LJ (SR)  Disper. corr.   Coulomb (SR)   Coul. recip.
    1.73607e+03    6.22683e+04   -2.57871e+03   -3.92101e+05    1.83447e+03
 Position Rest.      Potential    Kinetic En.   Total Energy  Conserved En.
    1.01612e+02   -3.26553e+05    5.34275e+04   -2.73125e+05   -3.10032e+05
    Temperature Pres. DC (bar) Pressure (bar)   Constr. rmsd
    3.03464e+02   -1.99285e+02   -2.35634e+02    2.53104e-06


DD  step 44999  vol min/aver 0.904  load imb.: force  8.0%
           Step           Time
          45000       90.00000

   Energies (kJ/mol)
           Bond          Angle    Proper Dih. Per. Imp. Dih.          LJ-14
    2.73655e+02    6.94760e+02    8.15318e+02    4.59150e+01    2.94632e+02
     Coulomb-14        LJ (SR)  Disper. corr.   Coulomb (SR)   Coul. recip.
    1.70609e+03    6.20338e+04   -2.57871e+03   -3.91959e+05    1.81325e+03
 Position Rest.      Potential    Kinetic En.   Total Energy  Conserved En.
    1.05557e+02   -3.26755e+05    5.28462e+04   -2.73908e+05   -3.10036e+05
    Temperature Pres. DC (bar) Pressure (bar)   Constr. rmsd
    3.00163e+02   -1.99285e+02   -7.05323e+02    2.50149e-06


DD  step 45499  vol min/aver 0.946  load imb.: force 14.8%
           Step           Time
          45500       91.00000

   Energies (kJ/mol)
           Bond          Angle    Proper Dih. Per. Imp. Dih.          LJ-14
    2.56368e+02    6.94604e+02    8.39060e+02    2.63926e+01    3.20189e+02
     Coulomb-14        LJ (SR)  Disper. corr.   Coulomb (SR)   Coul. recip.
    1.68386e+03    6.10658e+04   -2.57871e+03   -3.91044e+05    1.85826e+03
 Position Rest.      Potential    Kinetic En.   Total Energy  Conserved En.
    8.94095e+01   -3.26789e+05    5.28610e+04   -2.73928e+05   -3.10029e+05
    Temperature Pres. DC (bar) Pressure (bar)   Constr. rmsd
    3.00246e+02   -1.99285e+02   -6.16422e+02    2.60016e-06


DD  step 45999  vol min/aver 0.950  load imb.: force  7.7%
           Step           Time
          46000       92.00000

   Energies (kJ/mol)
           Bond          Angle    Proper Dih. Per. Imp. Dih.          LJ-14
    2.85402e+02    6.35826e+02    8.09468e+02    4.20909e+01    3.19678e+02
     Coulomb-14        LJ (SR)  Disper. corr.   Coulomb (SR)   Coul. recip.
    1.77213e+03    6.22223e+04   -2.57871e+03   -3.92835e+05    1.75683e+03
 Position Rest.      Potential    Kinetic En.   Total Energy  Conserved En.
    9.80377e+01   -3.27472e+05    5.25939e+04   -2.74878e+05   -3.10026e+05
    Temperature Pres. DC (bar) Pressure (bar)   Constr. rmsd
    2.98729e+02   -1.99285e+02   -4.02996e+02    2.80225e-06


DD  step 46499  vol min/aver 0.939  load imb.: force 11.0%
           Step           Time
          46500       93.00000

   Energies (kJ/mol)
           Bond          Angle    Proper Dih. Per. Imp. Dih.          LJ-14
    2.70406e+02    6.42773e+02    8.24189e+02    3.74410e+01    3.22173e+02
     Coulomb-14        LJ (SR)  Disper. corr.   Coulomb (SR)   Coul. recip.
    1.81361e+03    6.14184e+04   -2.57871e+03   -3.92695e+05    1.80380e+03
 Position Rest.      Potential    Kinetic En.   Total Energy  Conserved En.
    9.61681e+01   -3.28045e+05    5.30218e+04   -2.75023e+05   -3.10031e+05
    Temperature Pres. DC (bar) Pressure (bar)   Constr. rmsd
    3.01160e+02   -1.99285e+02   -7.73165e+02    2.62982e-06


DD  step 46999  vol min/aver 0.944  load imb.: force 23.2%
           Step           Time
          47000       94.00000

   Energies (kJ/mol)
           Bond          Angle    Proper Dih. Per. Imp. Dih.          LJ-14
    3.19623e+02    6.25843e+02    7.87913e+02    4.33146e+01    3.13033e+02
     Coulomb-14        LJ (SR)  Disper. corr.   Coulomb (SR)   Coul. recip.
    1.71059e+03    6.20049e+04   -2.57871e+03   -3.92884e+05    1.70277e+03
 Position Rest.      Potential    Kinetic En.   Total Energy  Conserved En.
    1.10974e+02   -3.27844e+05    5.28138e+04   -2.75030e+05   -3.10031e+05
    Temperature Pres. DC (bar) Pressure (bar)   Constr. rmsd
    2.99978e+02   -1.99285e+02   -5.16985e+02    2.71231e-06


DD  step 47499  vol min/aver 0.937  load imb.: force  8.8%
           Step           Time
          47500       95.00000

   Energies (kJ/mol)
           Bond          Angle    Proper Dih. Per. Imp. Dih.          LJ-14
    2.72730e+02    7.18508e+02    8.15796e+02    3.15696e+01    3.13548e+02
     Coulomb-14        LJ (SR)  Disper. corr.   Coulomb (SR)   Coul. recip.
    1.85736e+03    6.18828e+04   -2.57871e+03   -3.92488e+05    1.85996e+03
 Position Rest.      Potential    Kinetic En.   Total Energy  Conserved En.
    9.14225e+01   -3.27223e+05    5.35730e+04   -2.73650e+05   -3.10035e+05
    Temperature Pres. DC (bar) Pressure (bar)   Constr. rmsd
    3.04290e+02   -1.99285e+02   -6.17285e+02    3.37614e-06


DD  step 47999  vol min/aver 0.959  load imb.: force  5.1%
           Step           Time
          48000       96.00000

   Energies (kJ/mol)
           Bond          Angle    Proper Dih. Per. Imp. Dih.          LJ-14
    2.38890e+02    6.91135e+02    7.86212e+02    5.31227e+01    3.02427e+02
     Coulomb-14        LJ (SR)  Disper. corr.   Coulomb (SR)   Coul. recip.
    1.75055e+03    6.09604e+04   -2.57871e+03   -3.90815e+05    1.74852e+03
 Position Rest.      Potential    Kinetic En.   Total Energy  Conserved En.
    8.03700e+01   -3.26782e+05    5.25775e+04   -2.74205e+05   -3.10014e+05
    Temperature Pres. DC (bar) Pressure (bar)   Constr. rmsd
    2.98636e+02   -1.99285e+02   -6.44546e+02    2.14791e-06


DD  step 48499  vol min/aver 0.933  load imb.: force  6.9%
           Step           Time
          48500       97.00000

   Energies (kJ/mol)
           Bond          Angle    Proper Dih. Per. Imp. Dih.          LJ-14
    2.68752e+02    6.54963e+02    7.83399e+02    6.96565e+01    3.11163e+02
     Coulomb-14        LJ (SR)  Disper. corr.   Coulomb (SR)   Coul. recip.
    1.74010e+03    6.28353e+04   -2.57871e+03   -3.92663e+05    1.77091e+03
 Position Rest.      Potential    Kinetic En.   Total Energy  Conserved En.
    9.14505e+01   -3.26716e+05    5.32796e+04   -2.73436e+05   -3.10019e+05
    Temperature Pres. DC (bar) Pressure (bar)   Constr. rmsd
    3.02624e+02   -1.99285e+02   -4.63591e+02    2.63962e-06


DD  step 48999  vol min/aver 0.940  load imb.: force  8.3%
           Step           Time
          49000       98.00000

   Energies (kJ/mol)
           Bond          Angle    Proper Dih. Per. Imp. Dih.          LJ-14
    3.01837e+02    6.51737e+02    8.30947e+02    3.58844e+01    3.02051e+02
     Coulomb-14        LJ (SR)  Disper. corr.   Coulomb (SR)   Coul. recip.
    1.69093e+03    6.17706e+04   -2.57871e+03   -3.92283e+05    1.80209e+03
 Position Rest.      Potential    Kinetic En.   Total Energy  Conserved En.
    8.55080e+01   -3.27390e+05    5.30454e+04   -2.74345e+05   -3.10011e+05
    Temperature Pres. DC (bar) Pressure (bar)   Constr. rmsd
    3.01294e+02   -1.99285e+02   -7.14501e+02    2.62413e-06


DD  step 49499  vol min/aver 0.959  load imb.: force  8.3%
           Step           Time
          49500       99.00000

   Energies (kJ/mol)
           Bond          Angle    Proper Dih. Per. Imp. Dih.          LJ-14
    2.81940e+02    6.38167e+02    7.96573e+02    4.33335e+01    3.32475e+02
     Coulomb-14        LJ (SR)  Disper. corr.   Coulomb (SR)   Coul. recip.
    1.74853e+03    6.03338e+04   -2.57871e+03   -3.89989e+05    1.76705e+03
 Position Rest.      Potential    Kinetic En.   Total Energy  Conserved En.
    9.60294e+01   -3.26530e+05    5.26725e+04   -2.73857e+05   -3.10008e+05
    Temperature Pres. DC (bar) Pressure (bar)   Constr. rmsd
    2.99176e+02   -1.99285e+02   -9.47366e+02    2.40203e-06


DD  step 49999  vol min/aver 0.955  load imb.: force 10.5%
           Step           Time
          50000      100.00000

Writing checkpoint, step 50000 at Thu Jul 16 15:09:19 2026


   Energies (kJ/mol)
           Bond          Angle    Proper Dih. Per. Imp. Dih.          LJ-14
    2.47733e+02    6.85226e+02    7.84734e+02    4.25099e+01    3.27829e+02
     Coulomb-14        LJ (SR)  Disper. corr.   Coulomb (SR)   Coul. recip.
    1.73682e+03    6.24169e+04   -2.57871e+03   -3.92642e+05    1.74814e+03
 Position Rest.      Potential    Kinetic En.   Total Energy  Conserved En.
    9.26176e+01   -3.27138e+05    5.30251e+04   -2.74113e+05   -3.10001e+05
    Temperature Pres. DC (bar) Pressure (bar)   Constr. rmsd
    3.01178e+02   -1.99285e+02   -4.18612e+02    3.02977e-06


Energy conservation over simulation part #1 of length 100 ps, time 0 to 100 ps
  Conserved energy drift: 3.94e-04 kJ/mol/ps per atom


	<======  ###############  ==>
	<====  A V E R A G E S  ====>
	<==  ###############  ======>

	Statistics over 50001 steps using 501 frames

   Energies (kJ/mol)
           Bond          Angle    Proper Dih. Per. Imp. Dih.          LJ-14
    2.65156e+02    6.61441e+02    8.12529e+02    4.40809e+01    3.22342e+02
     Coulomb-14        LJ (SR)  Disper. corr.   Coulomb (SR)   Coul. recip.
    1.73454e+03    6.18771e+04   -2.57871e+03   -3.91892e+05    1.79306e+03
 Position Rest.      Potential    Kinetic En.   Total Energy  Conserved En.
    9.60796e+01   -3.26865e+05    5.28318e+04   -2.74033e+05   -3.10174e+05
    Temperature Pres. DC (bar) Pressure (bar)   Constr. rmsd
    3.00081e+02   -1.99285e+02   -4.99789e+02    0.00000e+00

   Total Virial (kJ/mol)
    2.08380e+04   -2.01557e+01   -1.12299e+02
   -2.02620e+01    2.09230e+04    4.53207e+01
   -1.12258e+02    4.54698e+01    2.07834e+04

   Pressure (bar)
   -4.99610e+02    2.87355e+00    1.79517e+01
    2.88996e+00   -5.10323e+02   -5.01402e+00
    1.79454e+01   -5.03705e+00   -4.89433e+02

      T-Protein  T-non-Protein
    3.00735e+02    3.00067e+02


	M E G A - F L O P S   A C C O U N T I N G

 NB=Group-cutoff nonbonded kernels    NxN=N-by-N cluster Verlet kernels
 RF=Reaction-Field  VdW=Van der Waals  QSTab=quadratic-spline table
 W3=SPC/TIP3p  W4=TIP4p (single or pairs)
 V&F=Potential and force  V=Potential only  F=Force only

 Computing:                               M-Number         M-Flops  % Flops
-----------------------------------------------------------------------------
 Pair Search distance check            7950.490450       71554.414     0.2
 NxN Ewald Elec. + LJ [F]            269806.095992    17807202.335    49.5
 NxN Ewald Elec. + LJ [V&F]            2730.958008      292212.507     0.8
 NxN Ewald Elec. [F]                 259118.201528    15806210.293    44.0
 NxN Ewald Elec. [V&F]                 2622.682584      220305.337     0.6
 1,4 nonbonded interactions              45.850917        4126.583     0.0
 Calc Weights                          3163.713273      113893.678     0.3
 Spread Q Bspline                     67492.549824      134985.100     0.4
 Gather F Bspline                     67492.549824      404955.299     1.1
 3D-FFT                              102183.043620      817464.349     2.3
 Solve PME                             1680.033600      107522.150     0.3
 Reset In Box                            21.048818          63.146     0.0
 CG-CoM                                  21.133182          63.400     0.0
 Bonds                                    8.450169         498.560     0.0
 Angles                                  32.000640        5376.108     0.0
 Propers                                 48.550971       11118.172     0.0
 Impropers                                3.100062         644.813     0.0
 Pos. Restr.                              8.450169         422.508     0.0
 Virial                                  10.792041         194.257     0.0
 Stop-CM                                 10.587682         105.877     0.0
 Calc-Ekin                              210.952182        5695.709     0.0
 Lincs                                    9.200552         552.033     0.0
 Lincs-Mat                               54.003240         216.013     0.0
 Constraint-V                          1055.242208        9497.180     0.0
 Constraint-Vir                          10.480920         251.542     0.0
 Settle                                 345.620736      127879.672     0.4
-----------------------------------------------------------------------------
 Total                                                35943011.035   100.0
-----------------------------------------------------------------------------


    D O M A I N   D E C O M P O S I T I O N   S T A T I S T I C S

 av. #atoms communicated per step for force:  2 x 37153.3


Dynamic load balancing report:
 DLB was turned on during the run due to measured imbalance.
 Average load imbalance: 10.6%.
 The balanceable part of the MD step is 22%, load imbalance is computed from this.
 Part of the total run time spent waiting due to load imbalance: 2.4%.
 Steps where the load balancing was limited by -rdd, -rcon and/or -dds: X 0 % Y 0 %


      R E A L   C Y C L E   A N D   T I M E   A C C O U N T I N G

On 10 MPI ranks

 Activity:              Num   Num      Call    Wall time         Giga-Cycles
                        Ranks Threads  Count      (s)         total sum    %
--------------------------------------------------------------------------------
 Domain decomp.           10    1       1001       6.481         64.808   0.8
 DD comm. load            10    1        501       0.299          2.995   0.0
 DD comm. bounds          10    1        370       0.385          3.849   0.0
 Neighbor search          10    1       1001       4.565         45.653   0.5
 Comm. coord.             10    1      49000      61.338        613.382   7.2
 Force                    10    1      50001     125.329       1253.293  14.7
 Wait + Comm. F           10    1      50001      58.297        582.972   6.8
 PME mesh                 10    1      50001     576.239       5762.382  67.7
 NB X/F buffer ops.       10    1     149002       1.855         18.551   0.2
 Write traj.              10    1        101       0.330          3.302   0.0
 Update                   10    1      50001       0.946          9.459   0.1
 Constraints              10    1      50003       2.486         24.859   0.3
 Kinetic energy           10    1      10001       0.310          3.096   0.0
 Comm. energies           10    1       5001      12.114        121.140   1.4
 Rest                                              0.263          2.630   0.0
--------------------------------------------------------------------------------
 Total                                           851.238       8512.370 100.0
--------------------------------------------------------------------------------
 Breakdown of PME mesh activities
--------------------------------------------------------------------------------
 PME redist. X/F          10    1     100002     276.633       2766.325  32.5
 PME spread               10    1      50001      99.203        992.029  11.7
 PME gather               10    1      50001      39.676        396.758   4.7
 PME 3D-FFT               10    1     100002       5.660         56.598   0.7
 PME 3D-FFT Comm.         10    1     200004     154.191       1541.910  18.1
 PME solve Elec           10    1      50001       0.792          7.921   0.1
--------------------------------------------------------------------------------

               Core t (s)   Wall t (s)        (%)
       Time:     8512.379      851.238     1000.0
                 (ns/day)    (hour/ns)    (ms/step)  (Matom*steps/s) 
Performance:       10.150        2.365       17.024            1.239 
Finished mdrun on rank 0 Thu Jul 16 15:09:19 2026

